index,class
1,2
2,0
3,9
4,7
5,4
6,6
7,9
8,0
9,2
10,2
11,8
12,8
13,8
14,0
15,1
16,3
17,9
18,3
19,7
20,4
21,5
22,0
23,6
24,9
25,0
26,8
27,0
28,1
29,9
30,4
31,6
32,4
33,6
34,4
35,1
36,5
37,8
38,3
39,7
40,6
41,7
42,8
43,3
44,1
45,8
46,9
47,6
48,9
49,9
50,3
51,9
52,0
53,2
54,7
55,6
56,0
57,2
58,3
59,6
60,6
61,6
62,8
63,0
64,6
65,3
66,6
67,1
68,1
69,4
70,5
71,1
72,2
73,3
74,7
75,7
76,1
77,0
78,2
79,6
80,3
81,5
82,2
83,7
84,8
85,7
86,5
87,8
88,8
89,2
90,3
91,4
92,4
93,9
94,7
95,3
96,2
97,3
98,7
99,9
100,8
101,0
102,8
103,4
104,6
105,8
106,8
107,4
108,7
109,8
110,5
111,3
112,1
113,6
114,9
115,1
116,2
117,2
118,8
119,8
120,1
121,2
122,3
123,2
124,1
125,4
126,6
127,2
128,7
129,7
130,5
131,5
132,3
133,8
134,4
135,9
136,9
137,3
138,0
139,8
140,6
141,2
142,1
143,0
144,2
145,5
146,8
147,5
148,7
149,9
150,6
151,0
152,7
153,0
154,9
155,9
156,7
157,2
158,5
159,3
160,6
161,6
162,7
163,3
164,1
165,3
166,4
167,6
168,4
169,7
170,3
171,0
172,1
173,7
174,5
175,1
176,7
177,3
178,6
179,5
180,0
181,2
182,7
183,3
184,7
185,1
186,3
187,2
188,0
189,9
190,3
191,5
192,7
193,9
194,6
195,1
196,5
197,3
198,8
199,2
200,7
201,6
202,0
203,9
204,4
205,4
206,0
207,4
208,9
209,5
210,8
211,9
212,3
213,5
214,9
215,3
216,5
217,9
218,7
219,2
220,9
221,6
222,0
223,0
224,8
225,5
226,7
227,3
228,5
229,5
230,0
231,2
232,7
233,0
234,0
235,4
236,5
237,7
238,7
239,1
240,8
241,5
242,2
243,7
244,6
245,5
246,4
247,7
248,8
249,3
250,8
251,0
252,4
253,0
254,1
255,0
256,7
257,0
258,6
259,5
260,2
261,0
262,2
263,4
264,2
265,0
266,4
267,3
268,3
269,3
270,9
271,7
272,6
273,4
274,7
275,0
276,9
277,2
278,0
279,5
280,1
281,6
282,3
283,7
284,1
285,3
286,8
287,7
288,3
289,3
290,5
291,1
292,9
293,3
294,3
295,2
296,4
297,8
298,0
299,6
300,7
301,9
302,6
303,0
304,7
305,0
306,0
307,2
308,8
309,8
310,0
311,5
312,6
313,5
314,0
315,6
316,2
317,9
318,2
319,5
320,6
321,1
322,2
323,1
324,4
325,0
326,5
327,4
328,6
329,8
330,7
331,0
332,8
333,8
334,7
335,7
336,4
337,3
338,5
339,1
340,0
341,3
342,1
343,8
344,0
345,6
346,1
347,5
348,8
349,0
350,9
351,6
352,1
353,4
354,3
355,2
356,0
357,4
358,1
359,0
360,2
361,9
362,2
363,1
364,2
365,7
366,3
367,9
368,9
369,6
370,1
371,3
372,3
373,9
374,6
375,4
376,2
377,4
378,0
379,3
380,1
381,0
382,8
383,4
384,6
385,7
386,5
387,8
388,8
389,6
390,8
391,1
392,9
393,3
394,4
395,4
396,1
397,8
398,8
399,1
400,3
401,4
402,3
403,5
404,6
405,9
406,6
407,6
408,0
409,6
410,7
411,2
412,2
413,9
414,4
415,8
416,9
417,7
418,5
419,7
420,7
421,3
422,4
423,9
424,0
425,4
426,0
427,0
428,2
429,1
430,4
431,3
432,0
433,9
434,5
435,6
436,5
437,5
438,6
439,1
440,3
441,4
442,0
443,3
444,4
445,3
446,3
447,6
448,1
449,6
450,7
451,5
452,5
453,4
454,8
455,9
456,1
457,1
458,1
459,8
460,1
461,9
462,4
463,2
464,6
465,6
466,6
467,7
468,1
469,9
470,8
471,0
472,0
473,3
474,4
475,3
476,5
477,6
478,1
479,8
480,7
481,1
482,6
483,3
484,4
485,6
486,6
487,0
488,0
489,1
490,1
491,9
492,7
493,3
494,3
495,6
496,1
497,2
498,4
499,3
500,5
501,1
502,6
503,1
504,9
505,1
506,6
507,0
508,9
509,4
510,9
511,1
512,3
513,2
514,7
515,4
516,1
517,7
518,7
519,7
520,9
521,6
522,9
523,0
524,9
525,2
526,9
527,7
528,9
529,4
530,8
531,5
532,8
533,1
534,4
535,8
536,0
537,3
538,0
539,3
540,3
541,5
542,2
543,8
544,1
545,0
546,7
547,2
548,4
549,4
550,3
551,0
552,4
553,6
554,4
555,4
556,7
557,3
558,5
559,6
560,5
561,2
562,6
563,7
564,2
565,3
566,0
567,8
568,9
569,0
570,2
571,5
572,0
573,5
574,7
575,1
576,2
577,2
578,7
579,1
580,0
581,7
582,3
583,7
584,3
585,8
586,9
587,7
588,2
589,3
590,7
591,5
592,6
593,9
594,1
595,5
596,8
597,6
598,4
599,7
600,6
601,4
602,8
603,5
604,4
605,1
606,1
607,0
608,3
609,6
610,0
611,1
612,5
613,8
614,2
615,2
616,7
617,8
618,1
619,6
620,0
621,1
622,5
623,7
624,4
625,2
626,5
627,8
628,5
629,3
630,8
631,9
632,8
633,9
634,9
635,8
636,5
637,7
638,9
639,0
640,9
641,6
642,9
643,9
644,3
645,2
646,0
647,3
648,5
649,4
650,2
651,9
652,2
653,4
654,2
655,2
656,2
657,3
658,5
659,6
660,1
661,1
662,3
663,7
664,6
665,6
666,5
667,8
668,7
669,1
670,3
671,1
672,5
673,4
674,4
675,3
676,0
677,8
678,5
679,2
680,4
681,2
682,2
683,6
684,8
685,8
686,8
687,5
688,7
689,4
690,7
691,4
692,0
693,0
694,4
695,3
696,5
697,3
698,7
699,8
700,0
701,3
702,1
703,3
704,4
705,9
706,1
707,5
708,1
709,6
710,8
711,0
712,2
713,6
714,7
715,9
716,3
717,6
718,9
719,3
720,0
721,7
722,2
723,7
724,2
725,1
726,9
727,0
728,1
729,3
730,0
731,3
732,6
733,8
734,7
735,1
736,0
737,9
738,6
739,1
740,5
741,5
742,6
743,5
744,4
745,6
746,0
747,9
748,1
749,5
750,8
751,1
752,9
753,4
754,7
755,2
756,3
757,8
758,9
759,6
760,4
761,8
762,8
763,1
764,6
765,0
766,6
767,4
768,9
769,8
770,9
771,0
772,6
773,1
774,7
775,3
776,9
777,8
778,4
779,4
780,0
781,6
782,5
783,3
784,3
785,1
786,5
787,4
788,9
789,0
790,0
791,6
792,2
793,2
794,4
795,3
796,8
797,2
798,3
799,4
800,0
801,5
802,6
803,0
804,4
805,9
806,8
807,1
808,3
809,5
810,2
811,5
812,4
813,2
814,7
815,2
816,7
817,7
818,6
819,0
820,9
821,1
822,1
823,4
824,5
825,5
826,1
827,6
828,0
829,7
830,6
831,2
832,8
833,5
834,5
835,4
836,3
837,7
838,3
839,8
840,4
841,1
842,3
843,9
844,6
845,6
846,4
847,8
848,5
849,9
850,4
851,5
852,2
853,7
854,6
855,6
856,3
857,6
858,6
859,9
860,7
861,6
862,8
863,1
864,0
865,0
866,0
867,1
868,2
869,6
870,6
871,3
872,5
873,1
874,6
875,3
876,9
877,4
878,9
879,1
880,0
881,0
882,5
883,7
884,9
885,6
886,3
887,3
888,7
889,3
890,6
891,0
892,5
893,6
894,3
895,2
896,9
897,3
898,8
899,7
900,7
901,2
902,9
903,6
904,0
905,0
906,7
907,5
908,4
909,5
910,4
911,2
912,9
913,7
914,0
915,9
916,2
917,1
918,7
919,5
920,9
921,7
922,3
923,7
924,2
925,2
926,4
927,4
928,7
929,4
930,6
931,4
932,1
933,3
934,8
935,6
936,4
937,0
938,3
939,7
940,9
941,0
942,2
943,3
944,6
945,2
946,9
947,8
948,0
949,8
950,1
951,4
952,0
953,6
954,6
955,0
956,3
957,6
958,3
959,7
960,7
961,9
962,7
963,8
964,5
965,8
966,8
967,8
968,9
969,4
970,6
971,8
972,4
973,0
974,5
975,8
976,0
977,9
978,3
979,8
980,0
981,6
982,0
983,5
984,9
985,7
986,4
987,9
988,3
989,6
990,9
991,5
992,7
993,7
994,5
995,8
996,6
997,1
998,3
999,1
1000,9
1001,6
1002,5
1003,3
1004,3
1005,9
1006,7
1007,1
1008,8
1009,3
1010,5
1011,0
1012,7
1013,8
1014,3
1015,8
1016,6
1017,1
1018,9
1019,1
1020,0
1021,7
1022,7
1023,1
1024,7
1025,5
1026,2
1027,6
1028,1
1029,6
1030,5
1031,6
1032,7
1033,1
1034,4
1035,7
1036,6
1037,7
1038,4
1039,3
1040,4
1041,9
1042,4
1043,1
1044,0
1045,4
1046,5
1047,8
1048,7
1049,4
1050,3
1051,7
1052,6
1053,1
1054,0
1055,0
1056,9
1057,2
1058,7
1059,1
1060,8
1061,9
1062,1
1063,5
1064,9
1065,5
1066,0
1067,2
1068,6
1069,2
1070,1
1071,7
1072,6
1073,3
1074,9
1075,3
1076,9
1077,6
1078,9
1079,6
1080,2
1081,5
1082,3
1083,4
1084,0
1085,5
1086,0
1087,4
1088,9
1089,6
1090,1
1091,9
1092,7
1093,1
1094,1
1095,6
1096,5
1097,4
1098,8
1099,3
1100,8
1101,6
1102,7
1103,3
1104,0
1105,4
1106,9
1107,1
1108,6
1109,1
1110,0
1111,2
1112,8
1113,2
1114,2
1115,7
1116,2
1117,3
1118,2
1119,3
1120,0
1121,3
1122,1
1123,6
1124,7
1125,5
1126,7
1127,7
1128,3
1129,2
1130,6
1131,5
1132,5
1133,5
1134,6
1135,2
1136,8
1137,6
1138,0
1139,0
1140,8
1141,7
1142,9
1143,8
1144,8
1145,2
1146,5
1147,8
1148,7
1149,0
1150,1
1151,6
1152,5
1153,2
1154,1
1155,3
1156,2
1157,2
1158,2
1159,2
1160,8
1161,0
1162,6
1163,1
1164,7
1165,9
1166,3
1167,9
1168,6
1169,0
1170,6
1171,8
1172,6
1173,0
1174,8
1175,6
1176,1
1177,9
1178,8
1179,9
1180,7
1181,4
1182,7
1183,7
1184,4
1185,3
1186,2
1187,2
1188,5
1189,0
1190,2
1191,8
1192,6
1193,5
1194,8
1195,8
1196,9
1197,1
1198,1
1199,2
1200,1
1201,7
1202,3
1203,7
1204,9
1205,2
1206,5
1207,6
1208,4
1209,1
1210,9
1211,7
1212,5
1213,9
1214,6
1215,5
1216,0
1217,8
1218,4
1219,2
1220,6
1221,1
1222,0
1223,6
1224,1
1225,1
1226,7
1227,8
1228,8
1229,0
1230,1
1231,4
1232,9
1233,7
1234,1
1235,8
1236,3
1237,2
1238,9
1239,5
1240,1
1241,8
1242,6
1243,8
1244,3
1245,2
1246,2
1247,8
1248,2
1249,4
1250,6
1251,4
1252,5
1253,6
1254,9
1255,6
1256,8
1257,2
1258,0
1259,6
1260,7
1261,9
1262,4
1263,1
1264,4
1265,3
1266,3
1267,4
1268,8
1269,2
1270,6
1271,4
1272,2
1273,4
1274,2
1275,6
1276,6
1277,3
1278,3
1279,4
1280,3
1281,5
1282,7
1283,4
1284,8
1285,6
1286,4
1287,9
1288,2
1289,3
1290,4
1291,8
1292,8
1293,2
1294,1
1295,3
1296,8
1297,4
1298,5
1299,9
1300,1
1301,7
1302,6
1303,6
1304,1
1305,4
1306,6
1307,6
1308,6
1309,1
1310,6
1311,0
1312,8
1313,4
1314,9
1315,7
1316,7
1317,0
1318,3
1319,2
1320,0
1321,6
1322,4
1323,4
1324,3
1325,6
1326,1
1327,0
1328,5
1329,1
1330,5
1331,6
1332,2
1333,0
1334,6
1335,7
1336,9
1337,0
1338,7
1339,6
1340,9
1341,6
1342,0
1343,2
1344,2
1345,4
1346,0
1347,8
1348,6
1349,0
1350,5
1351,1
1352,1
1353,8
1354,4
1355,1
1356,6
1357,1
1358,4
1359,4
1360,4
1361,7
1362,0
1363,8
1364,7
1365,8
1366,9
1367,3
1368,9
1369,6
1370,5
1371,9
1372,5
1373,4
1374,7
1375,0
1376,4
1377,9
1378,6
1379,9
1380,6
1381,5
1382,8
1383,5
1384,7
1385,3
1386,8
1387,0
1388,1
1389,2
1390,1
1391,8
1392,0
1393,8
1394,9
1395,0
1396,7
1397,2
1398,7
1399,6
1400,4
1401,6
1402,7
1403,9
1404,8
1405,0
1406,4
1407,7
1408,5
1409,6
1410,0
1411,7
1412,7
1413,7
1414,6
1415,3
1416,2
1417,8
1418,1
1419,4
1420,6
1421,6
1422,7
1423,5
1424,0
1425,6
1426,1
1427,1
1428,6
1429,7
1430,8
1431,2
1432,8
1433,3
1434,2
1435,7
1436,0
1437,7
1438,9
1439,8
1440,9
1441,9
1442,6
1443,0
1444,7
1445,1
1446,4
1447,7
1448,5
1449,8
1450,3
1451,5
1452,8
1453,8
1454,5
1455,5
1456,6
1457,1
1458,7
1459,0
1460,7
1461,8
1462,3
1463,0
1464,6
1465,9
1466,7
1467,8
1468,1
1469,3
1470,2
1471,5
1472,5
1473,9
1474,3
1475,7
1476,4
1477,8
1478,6
1479,5
1480,5
1481,0
1482,9
1483,3
1484,6
1485,2
1486,1
1487,5
1488,8
1489,9
1490,1
1491,4
1492,1
1493,9
1494,1
1495,9
1496,8
1497,7
1498,7
1499,6
1500,0
1501,4
1502,4
1503,1
1504,1
1505,4
1506,3
1507,1
1508,7
1509,5
1510,3
1511,1
1512,7
1513,8
1514,6
1515,4
1516,1
1517,8
1518,7
1519,7
1520,9
1521,7
1522,7
1523,3
1524,8
1525,4
1526,1
1527,6
1528,5
1529,2
1530,8
1531,1
1532,4
1533,1
1534,5
1535,1
1536,3
1537,0
1538,3
1539,0
1540,9
1541,9
1542,7
1543,3
1544,8
1545,9
1546,0
1547,1
1548,2
1549,8
1550,6
1551,1
1552,7
1553,6
1554,6
1555,7
1556,6
1557,1
1558,7
1559,9
1560,7
1561,0
1562,2
1563,0
1564,9
1565,4
1566,9
1567,3
1568,1
1569,8
1570,1
1571,4
1572,5
1573,0
1574,6
1575,9
1576,1
1577,1
1578,6
1579,7
1580,2
1581,2
1582,2
1583,2
1584,4
1585,8
1586,7
1587,5
1588,6
1589,1
1590,7
1591,6
1592,1
1593,6
1594,5
1595,2
1596,7
1597,8
1598,0
1599,3
1600,6
1601,6
1602,0
1603,3
1604,3
1605,0
1606,3
1607,0
1608,9
1609,1
1610,2
1611,1
1612,3
1613,8
1614,0
1615,2
1616,3
1617,9
1618,4
1619,4
1620,1
1621,8
1622,1
1623,9
1624,5
1625,7
1626,8
1627,6
1628,8
1629,1
1630,2
1631,3
1632,6
1633,9
1634,1
1635,8
1636,4
1637,7
1638,4
1639,8
1640,7
1641,5
1642,4
1643,8
1644,5
1645,9
1646,8
1647,2
1648,7
1649,3
1650,5
1651,4
1652,5
1653,6
1654,5
1655,6
1656,8
1657,5
1658,0
1659,8
1660,7
1661,4
1662,2
1663,9
1664,9
1665,8
1666,9
1667,4
1668,6
1669,8
1670,4
1671,1
1672,8
1673,6
1674,0
1675,0
1676,9
1677,5
1678,5
1679,9
1680,4
1681,7
1682,5
1683,3
1684,0
1685,0
1686,6
1687,4
1688,1
1689,9
1690,6
1691,7
1692,7
1693,5
1694,7
1695,8
1696,5
1697,0
1698,0
1699,6
1700,3
1701,6
1702,6
1703,5
1704,0
1705,6
1706,8
1707,0
1708,4
1709,3
1710,6
1711,9
1712,5
1713,6
1714,8
1715,3
1716,8
1717,0
1718,9
1719,5
1720,8
1721,2
1722,9
1723,7
1724,6
1725,7
1726,3
1727,3
1728,3
1729,2
1730,1
1731,2
1732,6
1733,3
1734,1
1735,5
1736,7
1737,2
1738,2
1739,5
1740,4
1741,5
1742,7
1743,4
1744,6
1745,3
1746,5
1747,7
1748,4
1749,3
1750,8
1751,7
1752,5
1753,1
1754,4
1755,6
1756,6
1757,2
1758,0
1759,1
1760,5
1761,0
1762,4
1763,4
1764,8
1765,2
1766,0
1767,3
1768,3
1769,3
1770,6
1771,1
1772,4
1773,6
1774,9
1775,3
1776,7
1777,3
1778,0
1779,8
1780,3
1781,6
1782,8
1783,1
1784,5
1785,9
1786,4
1787,9
1788,1
1789,9
1790,3
1791,8
1792,8
1793,6
1794,1
1795,5
1796,4
1797,4
1798,4
1799,2
1800,6
1801,3
1802,9
1803,2
1804,0
1805,9
1806,2
1807,3
1808,9
1809,6
1810,1
1811,2
1812,0
1813,0
1814,7
1815,0
1816,7
1817,9
1818,1
1819,6
1820,4
1821,3
1822,6
1823,7
1824,9
1825,7
1826,6
1827,1
1828,1
1829,5
1830,8
1831,7
1832,3
1833,3
1834,5
1835,0
1836,7
1837,7
1838,3
1839,6
1840,7
1841,9
1842,6
1843,6
1844,5
1845,4
1846,2
1847,6
1848,1
1849,7
1850,0
1851,2
1852,9
1853,2
1854,6
1855,2
1856,5
1857,2
1858,7
1859,2
1860,6
1861,9
1862,9
1863,6
1864,3
1865,2
1866,7
1867,1
1868,0
1869,1
1870,7
1871,3
1872,7
1873,6
1874,5
1875,8
1876,4
1877,6
1878,6
1879,4
1880,7
1881,5
1882,8
1883,8
1884,1
1885,2
1886,4
1887,5
1888,0
1889,6
1890,4
1891,1
1892,2
1893,8
1894,6
1895,3
1896,7
1897,5
1898,3
1899,5
1900,6
1901,8
1902,2
1903,0
1904,1
1905,2
1906,2
1907,7
1908,0
1909,1
1910,1
1911,5
1912,1
1913,5
1914,5
1915,6
1916,5
1917,7
1918,6
1919,6
1920,0
1921,8
1922,0
1923,7
1924,1
1925,8
1926,8
1927,5
1928,6
1929,4
1930,0
1931,0
1932,1
1933,4
1934,8
1935,1
1936,7
1937,0
1938,7
1939,5
1940,1
1941,5
1942,2
1943,9
1944,0
1945,3
1946,2
1947,4
1948,9
1949,5
1950,9
1951,3
1952,9
1953,9
1954,9
1955,7
1956,7
1957,6
1958,3
1959,8
1960,6
1961,7
1962,8
1963,1
1964,1
1965,2
1966,8
1967,4
1968,8
1969,3
1970,8
1971,9
1972,0
1973,5
1974,3
1975,2
1976,3
1977,5
1978,8
1979,9
1980,2
1981,5
1982,7
1983,9
1984,5
1985,9
1986,0
1987,9
1988,0
1989,0
1990,5
1991,2
1992,5
1993,8
1994,3
1995,8
1996,7
1997,7
1998,8
1999,2
2000,5
2001,4
2002,5
2003,9
2004,5
2005,2
2006,5
2007,4
2008,6
2009,3
2010,4
2011,2
2012,1
2013,5
2014,7
2015,6
2016,2
2017,5
2018,8
2019,5
2020,6
2021,4
2022,1
2023,6
2024,2
2025,8
2026,5
2027,8
2028,9
2029,7
2030,6
2031,8
2032,7
2033,3
2034,1
2035,4
2036,9
2037,9
2038,0
2039,3
2040,0
2041,7
2042,8
2043,9
2044,4
2045,3
2046,1
2047,4
2048,8
2049,1
2050,2
2051,7
2052,8
2053,0
2054,3
2055,2
2056,1
2057,0
2058,5
2059,2
2060,3
2061,7
2062,2
2063,6
2064,4
2065,0
2066,0
2067,8
2068,7
2069,3
2070,6
2071,8
2072,8
2073,1
2074,5
2075,3
2076,3
2077,9
2078,9
2079,2
2080,2
2081,6
2082,0
2083,6
2084,6
2085,9
2086,8
2087,3
2088,8
2089,7
2090,6
2091,6
2092,5
2093,6
2094,5
2095,4
2096,1
2097,0
2098,2
2099,4
2100,3
2101,9
2102,9
2103,6
2104,3
2105,6
2106,8
2107,9
2108,7
2109,4
2110,9
2111,6
2112,2
2113,1
2114,6
2115,9
2116,3
2117,1
2118,6
2119,7
2120,1
2121,9
2122,7
2123,1
2124,7
2125,8
2126,7
2127,6
2128,3
2129,9
2130,7
2131,6
2132,1
2133,9
2134,6
2135,2
2136,7
2137,0
2138,6
2139,3
2140,1
2141,6
2142,8
2143,0
2144,6
2145,2
2146,8
2147,8
2148,9
2149,8
2150,4
2151,1
2152,1
2153,2
2154,1
2155,4
2156,2
2157,9
2158,3
2159,5
2160,1
2161,6
2162,0
2163,1
2164,8
2165,5
2166,1
2167,0
2168,5
2169,4
2170,5
2171,0
2172,6
2173,5
2174,6
2175,9
2176,0
2177,7
2178,0
2179,1
2180,3
2181,6
2182,9
2183,8
2184,9
2185,3
2186,9
2187,5
2188,7
2189,8
2190,0
2191,4
2192,4
2193,8
2194,9
2195,6
2196,2
2197,6
2198,9
2199,6
2200,9
2201,7
2202,9
2203,7
2204,5
2205,8
2206,9
2207,8
2208,9
2209,1
2210,8
2211,4
2212,6
2213,8
2214,9
2215,6
2216,9
2217,0
2218,0
2219,8
2220,3
2221,3
2222,8
2223,6
2224,1
2225,9
2226,8
2227,2
2228,1
2229,3
2230,8
2231,5
2232,3
2233,1
2234,9
2235,9
2236,5
2237,8
2238,2
2239,9
2240,7
2241,4
2242,7
2243,0
2244,4
2245,1
2246,3
2247,4
2248,4
2249,4
2250,9
2251,8
2252,6
2253,2
2254,8
2255,9
2256,1
2257,3
2258,5
2259,4
2260,7
2261,1
2262,0
2263,8
2264,6
2265,6
2266,6
2267,7
2268,5
2269,9
2270,1
2271,1
2272,2
2273,0
2274,1
2275,9
2276,9
2277,6
2278,5
2279,2
2280,1
2281,3
2282,8
2283,5
2284,5
2285,4
2286,5
2287,8
2288,8
2289,1
2290,2
2291,8
2292,7
2293,3
2294,2
2295,8
2296,3
2297,8
2298,2
2299,7
2300,9
2301,5
2302,6
2303,6
2304,6
2305,0
2306,2
2307,1
2308,5
2309,9
2310,1
2311,7
2312,2
2313,3
2314,2
2315,8
2316,1
2317,5
2318,3
2319,6
2320,0
2321,4
2322,4
2323,6
2324,9
2325,3
2326,2
2327,0
2328,4
2329,5
2330,6
2331,5
2332,1
2333,5
2334,4
2335,0
2336,5
2337,9
2338,7
2339,1
2340,0
2341,1
2342,4
2343,8
2344,8
2345,5
2346,6
2347,3
2348,8
2349,6
2350,6
2351,8
2352,8
2353,6
2354,6
2355,9
2356,2
2357,9
2358,5
2359,8
2360,9
2361,9
2362,2
2363,0
2364,4
2365,5
2366,2
2367,2
2368,2
2369,0
2370,6
2371,0
2372,8
2373,2
2374,9
2375,6
2376,1
2377,1
2378,2
2379,4
2380,4
2381,9
2382,2
2383,9
2384,9
2385,8
2386,3
2387,0
2388,9
2389,4
2390,5
2391,9
2392,1
2393,3
2394,4
2395,6
2396,7
2397,2
2398,5
2399,6
2400,0
2401,5
2402,9
2403,2
2404,3
2405,2
2406,8
2407,1
2408,5
2409,1
2410,4
2411,5
2412,8
2413,3
2414,4
2415,3
2416,6
2417,3
2418,6
2419,5
2420,1
2421,1
2422,6
2423,6
2424,5
2425,0
2426,6
2427,7
2428,7
2429,4
2430,3
2431,1
2432,5
2433,7
2434,8
2435,3
2436,8
2437,6
2438,1
2439,7
2440,3
2441,1
2442,8
2443,8
2444,6
2445,7
2446,4
2447,3
2448,4
2449,8
2450,9
2451,4
2452,6
2453,5
2454,2
2455,3
2456,5
2457,1
2458,8
2459,1
2460,8
2461,5
2462,5
2463,4
2464,2
2465,2
2466,6
2467,6
2468,9
2469,3
2470,8
2471,6
2472,7
2473,8
2474,6
2475,1
2476,5
2477,1
2478,8
2479,6
2480,2
2481,8
2482,8
2483,2
2484,1
2485,4
2486,9
2487,2
2488,8
2489,1
2490,8
2491,4
2492,9
2493,0
2494,0
2495,5
2496,6
2497,7
2498,3
2499,2
2500,5
2501,2
2502,7
2503,6
2504,2
2505,0
2506,0
2507,8
2508,7
2509,4
2510,7
2511,5
2512,1
2513,6
2514,6
2515,1
2516,9
2517,5
2518,5
2519,0
2520,0
2521,0
2522,2
2523,2
2524,3
2525,6
2526,7
2527,9
2528,2
2529,5
2530,9
2531,1
2532,4
2533,8
2534,5
2535,6
2536,4
2537,4
2538,5
2539,9
2540,3
2541,1
2542,9
2543,5
2544,5
2545,1
2546,9
2547,4
2548,6
2549,8
2550,8
2551,5
2552,6
2553,1
2554,7
2555,1
2556,1
2557,2
2558,4
2559,9
2560,5
2561,7
2562,9
2563,1
2564,3
2565,8
2566,3
2567,1
2568,3
2569,4
2570,9
2571,2
2572,7
2573,1
2574,1
2575,0
2576,0
2577,4
2578,1
2579,2
2580,0
2581,0
2582,9
2583,2
2584,2
2585,1
2586,6
2587,7
2588,7
2589,4
2590,7
2591,9
2592,3
2593,2
2594,4
2595,7
2596,2
2597,8
2598,6
2599,6
2600,8
2601,4
2602,2
2603,1
2604,0
2605,9
2606,8
2607,3
2608,7
2609,7
2610,1
2611,9
2612,6
2613,5
2614,0
2615,5
2616,0
2617,7
2618,7
2619,1
2620,3
2621,1
2622,2
2623,1
2624,3
2625,9
2626,5
2627,3
2628,6
2629,4
2630,1
2631,3
2632,9
2633,1
2634,1
2635,6
2636,5
2637,9
2638,0
2639,2
2640,8
2641,8
2642,7
2643,8
2644,0
2645,2
2646,2
2647,0
2648,2
2649,4
2650,9
2651,1
2652,8
2653,9
2654,4
2655,4
2656,5
2657,7
2658,4
2659,1
2660,5
2661,8
2662,9
2663,9
2664,0
2665,5
2666,9
2667,6
2668,0
2669,3
2670,2
2671,0
2672,9
2673,0
2674,7
2675,7
2676,5
2677,0
2678,7
2679,7
2680,3
2681,3
2682,8
2683,5
2684,5
2685,1
2686,2
2687,9
2688,0
2689,8
2690,1
2691,5
2692,4
2693,8
2694,2
2695,9
2696,8
2697,7
2698,5
2699,0
2700,8
2701,7
2702,8
2703,1
2704,2
2705,2
2706,0
2707,6
2708,6
2709,9
2710,6
2711,4
2712,7
2713,4
2714,5
2715,6
2716,4
2717,1
2718,7
2719,5
2720,9
2721,4
2722,7
2723,6
2724,4
2725,4
2726,4
2727,0
2728,3
2729,5
2730,7
2731,9
2732,7
2733,5
2734,4
2735,0
2736,8
2737,3
2738,4
2739,5
2740,2
2741,5
2742,7
2743,4
2744,4
2745,0
2746,4
2747,9
2748,5
2749,9
2750,3
2751,8
2752,4
2753,7
2754,4
2755,5
2756,7
2757,7
2758,6
2759,7
2760,6
2761,9
2762,2
2763,1
2764,8
2765,5
2766,5
2767,1
2768,2
2769,7
2770,4
2771,3
2772,2
2773,3
2774,9
2775,8
2776,5
2777,4
2778,1
2779,7
2780,7
2781,2
2782,7
2783,2
2784,1
2785,1
2786,1
2787,9
2788,3
2789,0
2790,1
2791,5
2792,6
2793,1
2794,6
2795,5
2796,3
2797,3
2798,4
2799,6
2800,1
2801,2
2802,2
2803,1
2804,8
2805,3
2806,5
2807,1
2808,6
2809,4
2810,1
2811,9
2812,1
2813,1
2814,7
2815,6
2816,9
2817,8
2818,1
2819,8
2820,9
2821,9
2822,6
2823,3
2824,1
2825,1
2826,1
2827,8
2828,6
2829,9
2830,6
2831,1
2832,7
2833,1
2834,1
2835,7
2836,5
2837,0
2838,0
2839,9
2840,6
2841,6
2842,1
2843,4
2844,3
2845,4
2846,6
2847,6
2848,3
2849,8
2850,9
2851,4
2852,6
2853,7
2854,7
2855,4
2856,9
2857,4
2858,8
2859,1
2860,2
2861,4
2862,3
2863,4
2864,9
2865,3
2866,1
2867,4
2868,2
2869,6
2870,4
2871,9
2872,4
2873,1
2874,6
2875,7
2876,4
2877,5
2878,7
2879,6
2880,9
2881,2
2882,6
2883,5
2884,5
2885,8
2886,8
2887,7
2888,2
2889,0
2890,0
2891,9
2892,0
2893,6
2894,7
2895,3
2896,5
2897,9
2898,4
2899,6
2900,6
2901,2
2902,7
2903,7
2904,2
2905,5
2906,4
2907,9
2908,9
2909,6
2910,1
2911,7
2912,2
2913,6
2914,4
2915,3
2916,1
2917,5
2918,9
2919,4
2920,9
2921,7
2922,2
2923,2
2924,7
2925,6
2926,5
2927,0
2928,3
2929,9
2930,8
2931,3
2932,3
2933,6
2934,7
2935,4
2936,1
2937,7
2938,2
2939,8
2940,6
2941,9
2942,7
2943,5
2944,9
2945,5
2946,3
2947,9
2948,8
2949,8
2950,7
2951,3
2952,5
2953,3
2954,3
2955,5
2956,9
2957,1
2958,9
2959,4
2960,4
2961,2
2962,2
2963,6
2964,7
2965,8
2966,0
2967,8
2968,3
2969,5
2970,6
2971,6
2972,8
2973,9
2974,5
2975,9
2976,6
2977,7
2978,3
2979,9
2980,3
2981,4
2982,8
2983,4
2984,0
2985,5
2986,6
2987,4
2988,3
2989,4
2990,5
2991,4
2992,4
2993,9
2994,3
2995,7
2996,1
2997,2
2998,3
2999,1
3000,1
3001,1
3002,2
3003,1
3004,3
3005,6
3006,4
3007,0
3008,8
3009,1
3010,8
3011,3
3012,3
3013,1
3014,9
3015,6
3016,7
3017,0
3018,6
3019,6
3020,4
3021,2
3022,1
3023,0
3024,6
3025,8
3026,7
3027,9
3028,3
3029,8
3030,2
3031,3
3032,7
3033,7
3034,7
3035,0
3036,1
3037,3
3038,6
3039,7
3040,0
3041,8
3042,0
3043,3
3044,4
3045,8
3046,7
3047,0
3048,7
3049,2
3050,0
3051,2
3052,0
3053,3
3054,8
3055,2
3056,8
3057,6
3058,8
3059,0
3060,6
3061,8
3062,8
3063,6
3064,0
3065,6
3066,1
3067,4
3068,3
3069,1
3070,3
3071,8
3072,8
3073,4
3074,5
3075,3
3076,3
3077,0
3078,5
3079,6
3080,7
3081,8
3082,6
3083,6
3084,6
3085,0
3086,1
3087,1
3088,7
3089,3
3090,5
3091,7
3092,3
3093,2
3094,1
3095,3
3096,6
3097,4
3098,6
3099,5
3100,9
3101,3
3102,2
3103,4
3104,4
3105,6
3106,6
3107,3
3108,6
3109,3
3110,2
3111,3
3112,5
3113,3
3114,4
3115,2
3116,7
3117,0
3118,4
3119,7
3120,0
3121,8
3122,4
3123,6
3124,4
3125,2
3126,0
3127,4
3128,5
3129,7
3130,5
3131,9
3132,4
3133,9
3134,7
3135,9
3136,1
3137,7
3138,8
3139,3
3140,7
3141,4
3142,7
3143,5
3144,5
3145,1
3146,2
3147,5
3148,4
3149,6
3150,6
3151,1
3152,5
3153,1
3154,0
3155,6
3156,5
3157,2
3158,4
3159,6
3160,9
3161,5
3162,1
3163,1
3164,2
3165,6
3166,3
3167,7
3168,6
3169,0
3170,4
3171,1
3172,1
3173,8
3174,9
3175,7
3176,3
3177,1
3178,8
3179,9
3180,7
3181,5
3182,3
3183,5
3184,5
3185,6
3186,4
3187,2
3188,6
3189,3
3190,0
3191,9
3192,0
3193,6
3194,4
3195,1
3196,1
3197,1
3198,5
3199,4
3200,6
3201,2
3202,4
3203,7
3204,8
3205,7
3206,1
3207,9
3208,5
3209,7
3210,2
3211,3
3212,9
3213,2
3214,4
3215,4
3216,2
3217,6
3218,9
3219,8
3220,6
3221,9
3222,7
3223,7
3224,3
3225,6
3226,4
3227,5
3228,4
3229,2
3230,5
3231,3
3232,9
3233,6
3234,5
3235,4
3236,2
3237,1
3238,1
3239,2
3240,7
3241,2
3242,3
3243,8
3244,5
3245,4
3246,6
3247,0
3248,5
3249,3
3250,6
3251,6
3252,8
3253,5
3254,7
3255,6
3256,3
3257,7
3258,1
3259,6
3260,1
3261,8
3262,7
3263,7
3264,2
3265,0
3266,4
3267,6
3268,9
3269,8
3270,8
3271,3
3272,9
3273,4
3274,0
3275,3
3276,8
3277,5
3278,6
3279,4
3280,5
3281,1
3282,7
3283,9
3284,4
3285,5
3286,7
3287,4
3288,6
3289,4
3290,6
3291,2
3292,4
3293,3
3294,9
3295,1
3296,7
3297,3
3298,4
3299,7
3300,5
3301,6
3302,9
3303,9
3304,9
3305,3
3306,0
3307,8
3308,7
3309,3
3310,7
3311,5
3312,8
3313,4
3314,0
3315,0
3316,5
3317,8
3318,3
3319,9
3320,6
3321,9
3322,6
3323,5
3324,7
3325,4
3326,7
3327,9
3328,3
3329,0
3330,3
3331,7
3332,1
3333,0
3334,6
3335,8
3336,2
3337,5
3338,9
3339,1
3340,2
3341,5
3342,5
3343,1
3344,4
3345,4
3346,5
3347,7
3348,8
3349,6
3350,1
3351,8
3352,7
3353,2
3354,4
3355,7
3356,9
3357,2
3358,9
3359,7
3360,6
3361,5
3362,8
3363,8
3364,3
3365,9
3366,4
3367,3
3368,4
3369,3
3370,4
3371,5
3372,4
3373,6
3374,0
3375,9
3376,9
3377,5
3378,7
3379,8
3380,5
3381,6
3382,1
3383,2
3384,2
3385,1
3386,5
3387,2
3388,5
3389,6
3390,7
3391,7
3392,3
3393,6
3394,6
3395,0
3396,7
3397,6
3398,8
3399,7
3400,7
3401,7
3402,2
3403,2
3404,2
3405,4
3406,2
3407,6
3408,2
3409,6
3410,4
3411,5
3412,1
3413,7
3414,1
3415,7
3416,0
3417,4
3418,5
3419,3
3420,4
3421,3
3422,8
3423,6
3424,3
3425,4
3426,3
3427,9
3428,7
3429,7
3430,6
3431,1
3432,7
3433,3
3434,8
3435,1
3436,1
3437,4
3438,6
3439,8
3440,2
3441,1
3442,2
3443,3
3444,3
3445,8
3446,8
3447,7
3448,2
3449,7
3450,4
3451,6
3452,5
3453,1
3454,2
3455,4
3456,5
3457,9
3458,1
3459,0
3460,9
3461,7
3462,8
3463,4
3464,3
3465,3
3466,5
3467,4
3468,8
3469,6
3470,7
3471,5
3472,6
3473,7
3474,7
3475,0
3476,6
3477,8
3478,9
3479,1
3480,3
3481,5
3482,8
3483,5
3484,2
3485,9
3486,3
3487,9
3488,3
3489,7
3490,8
3491,8
3492,0
3493,6
3494,4
3495,5
3496,7
3497,7
3498,6
3499,5
3500,2
3501,6
3502,6
3503,8
3504,2
3505,4
3506,9
3507,4
3508,1
3509,2
3510,2
3511,5
3512,9
3513,3
3514,6
3515,8
3516,0
3517,4
3518,0
3519,0
3520,7
3521,8
3522,6
3523,6
3524,8
3525,3
3526,6
3527,3
3528,2
3529,4
3530,5
3531,8
3532,3
3533,7
3534,5
3535,2
3536,9
3537,9
3538,8
3539,7
3540,9
3541,3
3542,6
3543,9
3544,3
3545,2
3546,6
3547,4
3548,4
3549,1
3550,4
3551,8
3552,8
3553,9
3554,6
3555,5
3556,9
3557,9
3558,9
3559,6
3560,7
3561,2
3562,9
3563,6
3564,3
3565,9
3566,9
3567,6
3568,0
3569,6
3570,5
3571,5
3572,1
3573,5
3574,1
3575,8
3576,7
3577,3
3578,6
3579,8
3580,6
3581,2
3582,2
3583,1
3584,4
3585,7
3586,7
3587,0
3588,3
3589,3
3590,3
3591,1
3592,6
3593,7
3594,1
3595,4
3596,9
3597,6
3598,3
3599,4
3600,1
3601,4
3602,9
3603,3
3604,4
3605,6
3606,6
3607,1
3608,9
3609,6
3610,9
3611,7
3612,2
3613,6
3614,7
3615,7
3616,7
3617,4
3618,3
3619,9
3620,2
3621,2
3622,5
3623,5
3624,2
3625,1
3626,7
3627,3
3628,0
3629,2
3630,2
3631,6
3632,4
3633,3
3634,1
3635,8
3636,1
3637,8
3638,6
3639,2
3640,8
3641,1
3642,6
3643,8
3644,5
3645,6
3646,6
3647,1
3648,9
3649,6
3650,2
3651,8
3652,3
3653,7
3654,9
3655,5
3656,6
3657,6
3658,3
3659,6
3660,3
3661,3
3662,3
3663,7
3664,2
3665,1
3666,3
3667,7
3668,0
3669,0
3670,0
3671,0
3672,9
3673,3
3674,5
3675,9
3676,6
3677,8
3678,2
3679,5
3680,6
3681,5
3682,1
3683,9
3684,2
3685,3
3686,9
3687,1
3688,1
3689,6
3690,6
3691,3
3692,0
3693,9
3694,6
3695,4
3696,9
3697,7
3698,8
3699,2
3700,7
3701,4
3702,1
3703,8
3704,6
3705,1
3706,0
3707,2
3708,7
3709,2
3710,0
3711,4
3712,7
3713,5
3714,6
3715,0
3716,9
3717,3
3718,2
3719,9
3720,6
3721,8
3722,4
3723,4
3724,9
3725,2
3726,2
3727,7
3728,2
3729,1
3730,0
3731,2
3732,6
3733,3
3734,7
3735,5
3736,9
3737,8
3738,3
3739,1
3740,5
3741,9
3742,9
3743,2
3744,0
3745,0
3746,4
3747,3
3748,1
3749,2
3750,5
3751,1
3752,3
3753,0
3754,6
3755,6
3756,6
3757,8
3758,0
3759,3
3760,1
3761,9
3762,1
3763,7
3764,1
3765,1
3766,2
3767,5
3768,7
3769,1
3770,8
3771,8
3772,1
3773,2
3774,9
3775,4
3776,4
3777,2
3778,0
3779,4
3780,7
3781,2
3782,2
3783,2
3784,9
3785,9
3786,5
3787,1
3788,4
3789,3
3790,1
3791,9
3792,2
3793,9
3794,9
3795,7
3796,7
3797,1
3798,7
3799,8
3800,8
3801,1
3802,5
3803,3
3804,6
3805,9
3806,4
3807,9
3808,6
3809,5
3810,1
3811,0
3812,6
3813,9
3814,0
3815,7
3816,3
3817,9
3818,6
3819,7
3820,5
3821,7
3822,8
3823,3
3824,2
3825,3
3826,4
3827,3
3828,1
3829,0
3830,6
3831,3
3832,9
3833,3
3834,5
3835,3
3836,1
3837,5
3838,1
3839,5
3840,6
3841,6
3842,3
3843,7
3844,5
3845,7
3846,6
3847,5
3848,5
3849,9
3850,5
3851,4
3852,6
3853,0
3854,4
3855,4
3856,6
3857,2
3858,4
3859,9
3860,1
3861,7
3862,8
3863,4
3864,1
3865,0
3866,6
3867,3
3868,1
3869,8
3870,0
3871,7
3872,7
3873,6
3874,1
3875,0
3876,8
3877,2
3878,3
3879,5
3880,6
3881,5
3882,6
3883,5
3884,9
3885,0
3886,9
3887,9
3888,6
3889,6
3890,6
3891,2
3892,9
3893,5
3894,3
3895,8
3896,9
3897,8
3898,3
3899,4
3900,4
3901,3
3902,0
3903,8
3904,7
3905,8
3906,7
3907,7
3908,6
3909,8
3910,0
3911,3
3912,2
3913,1
3914,0
3915,5
3916,5
3917,3
3918,7
3919,1
3920,2
3921,6
3922,6
3923,1
3924,1
3925,9
3926,0
3927,6
3928,7
3929,6
3930,1
3931,4
3932,3
3933,3
3934,5
3935,3
3936,6
3937,1
3938,6
3939,9
3940,1
3941,5
3942,8
3943,9
3944,9
3945,5
3946,6
3947,3
3948,5
3949,0
3950,2
3951,3
3952,4
3953,4
3954,2
3955,0
3956,1
3957,3
3958,8
3959,2
3960,6
3961,6
3962,3
3963,4
3964,2
3965,9
3966,4
3967,0
3968,4
3969,2
3970,8
3971,9
3972,9
3973,3
3974,1
3975,2
3976,9
3977,7
3978,2
3979,3
3980,2
3981,0
3982,1
3983,2
3984,6
3985,8
3986,8
3987,1
3988,6
3989,4
3990,6
3991,5
3992,6
3993,5
3994,9
3995,7
3996,1
3997,0
3998,2
3999,1
4000,8
4001,5
4002,1
4003,9
4004,8
4005,2
4006,1
4007,0
4008,7
4009,6
4010,3
4011,2
4012,7
4013,3
4014,2
4015,2
4016,6
4017,7
4018,9
4019,4
4020,8
4021,8
4022,3
4023,2
4024,1
4025,5
4026,6
4027,1
4028,0
4029,8
4030,3
4031,1
4032,8
4033,7
4034,5
4035,7
4036,4
4037,0
4038,9
4039,5
4040,1
4041,9
4042,0
4043,7
4044,8
4045,2
4046,6
4047,1
4048,1
4049,2
4050,5
4051,1
4052,6
4053,7
4054,6
4055,4
4056,9
4057,9
4058,2
4059,4
4060,1
4061,9
4062,3
4063,6
4064,1
4065,0
4066,7
4067,7
4068,5
4069,4
4070,3
4071,3
4072,9
4073,0
4074,7
4075,9
4076,6
4077,9
4078,5
4079,3
4080,9
4081,8
4082,4
4083,8
4084,6
4085,0
4086,1
4087,2
4088,9
4089,6
4090,2
4091,7
4092,5
4093,5
4094,9
4095,7
4096,1
4097,2
4098,7
4099,3
4100,7
4101,3
4102,7
4103,3
4104,4
4105,8
4106,7
4107,6
4108,2
4109,1
4110,9
4111,0
4112,8
4113,4
4114,9
4115,2
4116,9
4117,6
4118,6
4119,6
4120,8
4121,7
4122,0
4123,6
4124,3
4125,3
4126,5
4127,9
4128,4
4129,8
4130,3
4131,7
4132,6
4133,6
4134,9
4135,5
4136,1
4137,7
4138,8
4139,8
4140,4
4141,6
4142,4
4143,7
4144,8
4145,5
4146,4
4147,1
4148,4
4149,4
4150,8
4151,3
4152,3
4153,2
4154,5
4155,4
4156,6
4157,7
4158,0
4159,4
4160,6
4161,7
4162,0
4163,9
4164,8
4165,3
4166,4
4167,4
4168,4
4169,1
4170,2
4171,7
4172,9
4173,6
4174,3
4175,5
4176,8
4177,6
4178,5
4179,6
4180,5
4181,3
4182,3
4183,9
4184,5
4185,1
4186,4
4187,4
4188,7
4189,1
4190,4
4191,2
4192,3
4193,5
4194,1
4195,8
4196,7
4197,8
4198,9
4199,2
4200,2
4201,5
4202,5
4203,8
4204,8
4205,7
4206,5
4207,8
4208,0
4209,9
4210,6
4211,2
4212,5
4213,2
4214,9
4215,8
4216,5
4217,9
4218,3
4219,9
4220,8
4221,9
4222,6
4223,2
4224,6
4225,2
4226,6
4227,8
4228,8
4229,2
4230,8
4231,9
4232,8
4233,6
4234,7
4235,8
4236,4
4237,1
4238,1
4239,8
4240,8
4241,4
4242,7
4243,5
4244,9
4245,8
4246,8
4247,9
4248,9
4249,2
4250,0
4251,6
4252,0
4253,9
4254,2
4255,4
4256,6
4257,9
4258,6
4259,3
4260,3
4261,2
4262,5
4263,1
4264,3
4265,4
4266,5
4267,0
4268,4
4269,4
4270,5
4271,4
4272,3
4273,3
4274,3
4275,7
4276,7
4277,2
4278,7
4279,7
4280,5
4281,6
4282,3
4283,0
4284,5
4285,3
4286,8
4287,5
4288,3
4289,3
4290,6
4291,2
4292,0
4293,6
4294,5
4295,7
4296,1
4297,8
4298,7
4299,0
4300,0
4301,9
4302,0
4303,8
4304,7
4305,4
4306,0
4307,6
4308,3
4309,5
4310,1
4311,1
4312,8
4313,8
4314,6
4315,5
4316,4
4317,6
4318,9
4319,8
4320,6
4321,9
4322,3
4323,7
4324,9
4325,5
4326,8
4327,2
4328,2
4329,9
4330,3
4331,9
4332,2
4333,6
4334,1
4335,5
4336,6
4337,9
4338,7
4339,2
4340,5
4341,6
4342,1
4343,6
4344,0
4345,6
4346,3
4347,4
4348,6
4349,8
4350,7
4351,8
4352,6
4353,5
4354,0
4355,5
4356,7
4357,0
4358,3
4359,8
4360,7
4361,9
4362,0
4363,3
4364,7
4365,0
4366,6
4367,7
4368,5
4369,9
4370,8
4371,9
4372,0
4373,3
4374,3
4375,9
4376,9
4377,4
4378,7
4379,5
4380,0
4381,6
4382,8
4383,0
4384,9
4385,4
4386,3
4387,6
4388,6
4389,9
4390,3
4391,6
4392,6
4393,4
4394,4
4395,7
4396,0
4397,1
4398,6
4399,6
4400,6
4401,8
4402,5
4403,5
4404,4
4405,3
4406,6
4407,4
4408,9
4409,5
4410,3
4411,2
4412,8
4413,9
4414,2
4415,1
4416,3
4417,1
4418,8
4419,1
4420,3
4421,3
4422,7
4423,8
4424,0
4425,2
4426,0
4427,3
4428,9
4429,9
4430,2
4431,8
4432,8
4433,8
4434,8
4435,5
4436,8
4437,3
4438,6
4439,5
4440,5
4441,3
4442,9
4443,0
4444,6
4445,6
4446,8
4447,7
4448,6
4449,2
4450,3
4451,8
4452,4
4453,4
4454,9
4455,8
4456,7
4457,1
4458,2
4459,7
4460,1
4461,3
4462,9
4463,3
4464,6
4465,1
4466,7
4467,7
4468,6
4469,7
4470,5
4471,1
4472,2
4473,2
4474,5
4475,6
4476,1
4477,1
4478,0
4479,0
4480,4
4481,3
4482,3
4483,1
4484,0
4485,3
4486,6
4487,4
4488,7
4489,0
4490,3
4491,4
4492,7
4493,6
4494,3
4495,0
4496,5
4497,4
4498,6
4499,6
4500,8
4501,5
4502,6
4503,1
4504,7
4505,6
4506,1
4507,4
4508,4
4509,6
4510,5
4511,4
4512,1
4513,3
4514,1
4515,8
4516,2
4517,1
4518,6
4519,9
4520,1
4521,4
4522,7
4523,0
4524,2
4525,1
4526,1
4527,4
4528,3
4529,2
4530,6
4531,5
4532,3
4533,1
4534,2
4535,1
4536,5
4537,8
4538,7
4539,5
4540,2
4541,7
4542,7
4543,6
4544,9
4545,5
4546,6
4547,9
4548,2
4549,1
4550,2
4551,1
4552,8
4553,8
4554,7
4555,8
4556,8
4557,0
4558,1
4559,6
4560,8
4561,2
4562,9
4563,9
4564,0
4565,3
4566,9
4567,3
4568,3
4569,2
4570,1
4571,2
4572,4
4573,1
4574,7
4575,3
4576,8
4577,8
4578,3
4579,1
4580,1
4581,1
4582,9
4583,0
4584,0
4585,2
4586,5
4587,9
4588,6
4589,4
4590,6
4591,6
4592,7
4593,5
4594,9
4595,1
4596,2
4597,1
4598,6
4599,4
4600,5
4601,8
4602,6
4603,7
4604,9
4605,1
4606,2
4607,2
4608,3
4609,1
4610,0
4611,1
4612,7
4613,6
4614,5
4615,5
4616,7
4617,5
4618,5
4619,1
4620,0
4621,8
4622,7
4623,7
4624,4
4625,9
4626,0
4627,0
4628,6
4629,4
4630,0
4631,9
4632,6
4633,5
4634,9
4635,7
4636,7
4637,0
4638,8
4639,8
4640,5
4641,1
4642,5
4643,0
4644,6
4645,4
4646,5
4647,6
4648,4
4649,8
4650,0
4651,0
4652,6
4653,4
4654,3
4655,2
4656,6
4657,5
4658,4
4659,0
4660,8
4661,5
4662,6
4663,7
4664,6
4665,9
4666,6
4667,3
4668,7
4669,3
4670,2
4671,7
4672,7
4673,8
4674,1
4675,9
4676,0
4677,4
4678,3
4679,6
4680,5
4681,9
4682,5
4683,1
4684,4
4685,5
4686,2
4687,7
4688,6
4689,3
4690,0
4691,4
4692,6
4693,9
4694,0
4695,5
4696,8
4697,9
4698,8
4699,2
4700,8
4701,7
4702,5
4703,8
4704,1
4705,5
4706,9
4707,2
4708,3
4709,4
4710,6
4711,5
4712,3
4713,4
4714,0
4715,9
4716,3
4717,0
4718,3
4719,7
4720,4
4721,4
4722,8
4723,4
4724,3
4725,7
4726,7
4727,9
4728,6
4729,4
4730,4
4731,3
4732,4
4733,5
4734,8
4735,7
4736,8
4737,8
4738,9
4739,4
4740,9
4741,5
4742,5
4743,1
4744,2
4745,9
4746,2
4747,4
4748,4
4749,9
4750,8
4751,9
4752,1
4753,7
4754,8
4755,2
4756,5
4757,6
4758,0
4759,3
4760,9
4761,2
4762,0
4763,3
4764,1
4765,6
4766,2
4767,2
4768,4
4769,1
4770,4
4771,3
4772,2
4773,4
4774,2
4775,9
4776,7
4777,3
4778,6
4779,3
4780,1
4781,1
4782,6
4783,6
4784,7
4785,2
4786,1
4787,8
4788,0
4789,3
4790,9
4791,1
4792,7
4793,4
4794,2
4795,1
4796,1
4797,2
4798,4
4799,0
4800,6
4801,5
4802,7
4803,0
4804,0
4805,9
4806,9
4807,4
4808,3
4809,0
4810,9
4811,7
4812,8
4813,3
4814,1
4815,4
4816,9
4817,5
4818,6
4819,4
4820,7
4821,7
4822,3
4823,6
4824,6
4825,9
4826,7
4827,8
4828,5
4829,1
4830,8
4831,9
4832,2
4833,8
4834,6
4835,1
4836,0
4837,1
4838,4
4839,5
4840,6
4841,5
4842,5
4843,2
4844,6
4845,5
4846,1
4847,2
4848,2
4849,0
4850,4
4851,7
4852,8
4853,4
4854,9
4855,4
4856,2
4857,4
4858,6
4859,3
4860,6
4861,8
4862,8
4863,9
4864,8
4865,0
4866,2
4867,9
4868,2
4869,4
4870,8
4871,5
4872,0
4873,9
4874,6
4875,3
4876,6
4877,0
4878,3
4879,1
4880,2
4881,3
4882,5
4883,6
4884,6
4885,5
4886,9
4887,1
4888,7
4889,8
4890,8
4891,3
4892,0
4893,4
4894,9
4895,4
4896,6
4897,6
4898,6
4899,2
4900,6
4901,3
4902,9
4903,2
4904,9
4905,6
4906,5
4907,1
4908,4
4909,4
4910,4
4911,6
4912,2
4913,6
4914,5
4915,0
4916,5
4917,8
4918,2
4919,7
4920,6
4921,3
4922,7
4923,6
4924,8
4925,7
4926,9
4927,6
4928,8
4929,9
4930,2
4931,9
4932,0
4933,0
4934,7
4935,9
4936,0
4937,9
4938,9
4939,2
4940,9
4941,4
4942,0
4943,2
4944,9
4945,7
4946,4
4947,6
4948,5
4949,6
4950,1
4951,2
4952,0
4953,0
4954,4
4955,3
4956,9
4957,7
4958,1
4959,9
4960,8
4961,0
4962,8
4963,4
4964,1
4965,4
4966,6
4967,8
4968,8
4969,7
4970,6
4971,8
4972,1
4973,4
4974,2
4975,3
4976,7
4977,7
4978,5
4979,5
4980,2
4981,4
4982,3
4983,7
4984,4
4985,8
4986,1
4987,0
4988,8
4989,5
4990,1
4991,3
4992,8
4993,5
4994,7
4995,4
4996,1
4997,6
4998,1
4999,3
5000,4
5001,6
5002,9
5003,2
5004,3
5005,3
5006,9
5007,5
5008,2
5009,3
5010,0
5011,6
5012,6
5013,1
5014,6
5015,4
5016,9
5017,3
5018,6
5019,1
5020,7
5021,6
5022,0
5023,4
5024,1
5025,0
5026,8
5027,0
5028,3
5029,3
5030,0
5031,7
5032,7
5033,5
5034,8
5035,8
5036,0
5037,8
5038,6
5039,5
5040,1
5041,4
5042,7
5043,1
5044,8
5045,9
5046,5
5047,7
5048,3
5049,3
5050,2
5051,0
5052,4
5053,9
5054,1
5055,4
5056,7
5057,8
5058,3
5059,8
5060,4
5061,1
5062,2
5063,9
5064,0
5065,7
5066,6
5067,4
5068,6
5069,5
5070,4
5071,9
5072,9
5073,3
5074,6
5075,0
5076,8
5077,5
5078,6
5079,6
5080,7
5081,2
5082,5
5083,9
5084,1
5085,6
5086,2
5087,0
5088,8
5089,4
5090,8
5091,9
5092,2
5093,3
5094,2
5095,1
5096,5
5097,7
5098,9
5099,9
5100,7
5101,6
5102,2
5103,2
5104,4
5105,0
5106,4
5107,1
5108,2
5109,7
5110,7
5111,8
5112,1
5113,1
5114,3
5115,8
5116,1
5117,6
5118,6
5119,3
5120,9
5121,8
5122,5
5123,2
5124,5
5125,6
5126,4
5127,2
5128,6
5129,1
5130,2
5131,6
5132,0
5133,0
5134,1
5135,6
5136,5
5137,2
5138,7
5139,6
5140,1
5141,9
5142,8
5143,2
5144,8
5145,4
5146,3
5147,4
5148,5
5149,4
5150,5
5151,9
5152,4
5153,8
5154,3
5155,3
5156,4
5157,1
5158,6
5159,3
5160,1
5161,4
5162,5
5163,3
5164,2
5165,4
5166,9
5167,9
5168,1
5169,9
5170,2
5171,0
5172,6
5173,8
5174,9
5175,9
5176,6
5177,4
5178,6
5179,0
5180,1
5181,3
5182,3
5183,5
5184,4
5185,4
5186,9
5187,1
5188,2
5189,6
5190,5
5191,2
5192,5
5193,8
5194,5
5195,7
5196,9
5197,6
5198,7
5199,9
5200,6
5201,3
5202,3
5203,9
5204,7
5205,6
5206,8
5207,5
5208,2
5209,4
5210,0
5211,2
5212,5
5213,3
5214,4
5215,9
5216,3
5217,3
5218,9
5219,1
5220,8
5221,3
5222,1
5223,0
5224,7
5225,9
5226,2
5227,6
5228,8
5229,5
5230,3
5231,9
5232,8
5233,3
5234,5
5235,1
5236,0
5237,2
5238,7
5239,5
5240,7
5241,4
5242,5
5243,8
5244,3
5245,7
5246,1
5247,5
5248,3
5249,4
5250,2
5251,0
5252,8
5253,2
5254,0
5255,7
5256,9
5257,2
5258,1
5259,8
5260,9
5261,8
5262,4
5263,1
5264,9
5265,1
5266,2
5267,9
5268,3
5269,6
5270,9
5271,7
5272,3
5273,4
5274,8
5275,0
5276,5
5277,3
5278,5
5279,0
5280,4
5281,3
5282,2
5283,3
5284,4
5285,2
5286,7
5287,8
5288,1
5289,5
5290,4
5291,7
5292,2
5293,9
5294,4
5295,9
5296,6
5297,5
5298,1
5299,7
5300,2
5301,4
5302,7
5303,7
5304,7
5305,5
5306,9
5307,1
5308,1
5309,1
5310,7
5311,2
5312,6
5313,5
5314,7
5315,5
5316,5
5317,4
5318,9
5319,3
5320,1
5321,4
5322,1
5323,1
5324,0
5325,4
5326,7
5327,7
5328,6
5329,0
5330,2
5331,3
5332,1
5333,3
5334,3
5335,9
5336,5
5337,4
5338,1
5339,1
5340,0
5341,4
5342,7
5343,5
5344,5
5345,5
5346,4
5347,6
5348,0
5349,8
5350,8
5351,5
5352,6
5353,1
5354,3
5355,3
5356,1
5357,8
5358,3
5359,6
5360,5
5361,2
5362,6
5363,5
5364,8
5365,6
5366,2
5367,1
5368,1
5369,0
5370,9
5371,8
5372,0
5373,6
5374,2
5375,7
5376,1
5377,2
5378,3
5379,9
5380,3
5381,6
5382,1
5383,8
5384,0
5385,4
5386,0
5387,8
5388,3
5389,6
5390,2
5391,5
5392,6
5393,1
5394,9
5395,2
5396,6
5397,6
5398,7
5399,1
5400,9
5401,3
5402,0
5403,6
5404,7
5405,0
5406,0
5407,1
5408,1
5409,0
5410,2
5411,5
5412,1
5413,3
5414,2
5415,9
5416,3
5417,8
5418,7
5419,2
5420,9
5421,1
5422,8
5423,9
5424,7
5425,4
5426,3
5427,4
5428,4
5429,7
5430,6
5431,7
5432,3
5433,7
5434,5
5435,9
5436,2
5437,1
5438,7
5439,3
5440,8
5441,8
5442,9
5443,8
5444,1
5445,2
5446,8
5447,4
5448,3
5449,7
5450,5
5451,8
5452,8
5453,8
5454,4
5455,6
5456,2
5457,3
5458,2
5459,5
5460,3
5461,9
5462,2
5463,2
5464,2
5465,9
5466,5
5467,0
5468,6
5469,2
5470,7
5471,2
5472,9
5473,4
5474,1
5475,5
5476,1
5477,5
5478,3
5479,3
5480,8
5481,6
5482,1
5483,8
5484,9
5485,0
5486,8
5487,1
5488,0
5489,5
5490,5
5491,8
5492,1
5493,4
5494,6
5495,1
5496,7
5497,3
5498,3
5499,9
5500,1
5501,3
5502,0
5503,6
5504,2
5505,1
5506,5
5507,7
5508,7
5509,0
5510,3
5511,3
5512,1
5513,3
5514,4
5515,1
5516,6
5517,9
5518,2
5519,6
5520,9
5521,1
5522,6
5523,8
5524,0
5525,0
5526,7
5527,2
5528,1
5529,4
5530,6
5531,4
5532,3
5533,8
5534,1
5535,8
5536,6
5537,8
5538,4
5539,7
5540,7
5541,2
5542,9
5543,7
5544,3
5545,3
5546,8
5547,4
5548,5
5549,4
5550,3
5551,2
5552,7
5553,0
5554,1
5555,1
5556,1
5557,8
5558,3
5559,5
5560,8
5561,4
5562,7
5563,8
5564,4
5565,3
5566,9
5567,7
5568,2
5569,4
5570,0
5571,5
5572,9
5573,1
5574,9
5575,4
5576,6
5577,1
5578,9
5579,4
5580,0
5581,5
5582,2
5583,7
5584,8
5585,4
5586,8
5587,6
5588,3
5589,1
5590,4
5591,0
5592,6
5593,6
5594,6
5595,7
5596,4
5597,3
5598,4
5599,0
5600,8
5601,3
5602,9
5603,6
5604,6
5605,3
5606,6
5607,0
5608,8
5609,6
5610,7
5611,0
5612,4
5613,9
5614,4
5615,0
5616,4
5617,6
5618,6
5619,8
5620,8
5621,5
5622,2
5623,7
5624,4
5625,4
5626,9
5627,1
5628,0
5629,2
5630,8
5631,6
5632,0
5633,2
5634,5
5635,0
5636,5
5637,6
5638,9
5639,3
5640,0
5641,7
5642,2
5643,3
5644,4
5645,5
5646,2
5647,3
5648,4
5649,0
5650,9
5651,2
5652,9
5653,3
5654,7
5655,0
5656,2
5657,3
5658,6
5659,0
5660,2
5661,5
5662,9
5663,5
5664,9
5665,5
5666,8
5667,6
5668,8
5669,2
5670,3
5671,2
5672,8
5673,4
5674,6
5675,4
5676,6
5677,0
5678,2
5679,7
5680,8
5681,1
5682,9
5683,2
5684,4
5685,8
5686,9
5687,1
5688,0
5689,3
5690,1
5691,6
5692,6
5693,6
5694,5
5695,4
5696,1
5697,9
5698,7
5699,3
5700,3
5701,0
5702,2
5703,1
5704,6
5705,7
5706,8
5707,8
5708,5
5709,5
5710,6
5711,1
5712,6
5713,5
5714,3
5715,7
5716,8
5717,6
5718,1
5719,0
5720,3
5721,6
5722,9
5723,5
5724,6
5725,6
5726,6
5727,7
5728,3
5729,5
5730,1
5731,2
5732,3
5733,3
5734,7
5735,2
5736,0
5737,7
5738,2
5739,2
5740,0
5741,0
5742,3
5743,1
5744,6
5745,4
5746,2
5747,5
5748,2
5749,8
5750,4
5751,4
5752,3
5753,1
5754,7
5755,5
5756,7
5757,7
5758,2
5759,8
5760,2
5761,5
5762,1
5763,6
5764,0
5765,3
5766,4
5767,0
5768,2
5769,1
5770,4
5771,7
5772,9
5773,3
5774,3
5775,1
5776,1
5777,0
5778,8
5779,0
5780,0
5781,8
5782,2
5783,1
5784,0
5785,8
5786,2
5787,9
5788,2
5789,4
5790,8
5791,0
5792,6
5793,0
5794,1
5795,0
5796,2
5797,4
5798,1
5799,6
5800,1
5801,9
5802,7
5803,6
5804,8
5805,4
5806,2
5807,5
5808,9
5809,6
5810,7
5811,9
5812,1
5813,0
5814,9
5815,8
5816,0
5817,5
5818,0
5819,3
5820,0
5821,3
5822,7
5823,2
5824,6
5825,7
5826,9
5827,3
5828,2
5829,0
5830,3
5831,4
5832,1
5833,3
5834,9
5835,4
5836,6
5837,2
5838,6
5839,0
5840,9
5841,1
5842,2
5843,0
5844,9
5845,8
5846,3
5847,9
5848,3
5849,4
5850,7
5851,1
5852,6
5853,6
5854,1
5855,6
5856,3
5857,2
5858,0
5859,1
5860,4
5861,8
5862,9
5863,6
5864,3
5865,9
5866,2
5867,6
5868,6
5869,8
5870,4
5871,5
5872,3
5873,8
5874,1
5875,9
5876,3
5877,2
5878,3
5879,0
5880,1
5881,4
5882,5
5883,6
5884,3
5885,5
5886,5
5887,5
5888,2
5889,3
5890,6
5891,8
5892,6
5893,0
5894,9
5895,6
5896,3
5897,0
5898,7
5899,8
5900,5
5901,2
5902,1
5903,6
5904,3
5905,2
5906,5
5907,1
5908,3
5909,4
5910,0
5911,3
5912,7
5913,0
5914,3
5915,8
5916,1
5917,7
5918,9
5919,6
5920,8
5921,4
5922,4
5923,8
5924,7
5925,6
5926,8
5927,4
5928,0
5929,4
5930,7
5931,3
5932,1
5933,3
5934,3
5935,9
5936,9
5937,0
5938,4
5939,9
5940,6
5941,1
5942,9
5943,3
5944,9
5945,7
5946,0
5947,3
5948,9
5949,4
5950,2
5951,6
5952,9
5953,0
5954,6
5955,0
5956,3
5957,6
5958,1
5959,4
5960,3
5961,8
5962,9
5963,7
5964,5
5965,1
5966,0
5967,2
5968,5
5969,0
5970,4
5971,2
5972,0
5973,2
5974,9
5975,6
5976,9
5977,6
5978,1
5979,8
5980,5
5981,1
5982,4
5983,9
5984,2
5985,8
5986,4
5987,0
5988,1
5989,3
5990,9
5991,0
5992,1
5993,2
5994,8
5995,2
5996,7
5997,8
5998,8
5999,5
6000,9
6001,9
6002,7
6003,1
6004,7
6005,9
6006,7
6007,9
6008,1
6009,6
6010,2
6011,8
6012,3
6013,4
6014,5
6015,1
6016,2
6017,7
6018,2
6019,7
6020,7
6021,1
6022,8
6023,4
6024,2
6025,6
6026,2
6027,0
6028,4
6029,0
6030,1
6031,9
6032,0
6033,6
6034,9
6035,1
6036,1
6037,6
6038,4
6039,6
6040,5
6041,0
6042,3
6043,3
6044,2
6045,7
6046,4
6047,6
6048,0
6049,1
6050,4
6051,5
6052,5
6053,1
6054,7
6055,6
6056,0
6057,0
6058,9
6059,5
6060,6
6061,5
6062,3
6063,5
6064,8
6065,7
6066,5
6067,7
6068,9
6069,6
6070,3
6071,3
6072,3
6073,3
6074,5
6075,5
6076,6
6077,5
6078,8
6079,6
6080,4
6081,8
6082,8
6083,3
6084,6
6085,8
6086,4
6087,5
6088,7
6089,3
6090,4
6091,7
6092,3
6093,5
6094,7
6095,8
6096,8
6097,4
6098,3
6099,3
6100,6
6101,3
6102,3
6103,7
6104,2
6105,5
6106,3
6107,8
6108,3
6109,7
6110,0
6111,0
6112,4
6113,0
6114,4
6115,9
6116,8
6117,7
6118,5
6119,9
6120,6
6121,7
6122,7
6123,4
6124,2
6125,1
6126,4
6127,5
6128,9
6129,6
6130,1
6131,8
6132,3
6133,9
6134,1
6135,9
6136,8
6137,8
6138,9
6139,6
6140,5
6141,6
6142,6
6143,6
6144,6
6145,4
6146,2
6147,2
6148,8
6149,2
6150,1
6151,0
6152,8
6153,6
6154,3
6155,5
6156,8
6157,7
6158,5
6159,6
6160,8
6161,9
6162,9
6163,0
6164,2
6165,2
6166,6
6167,7
6168,6
6169,2
6170,6
6171,4
6172,3
6173,6
6174,6
6175,7
6176,3
6177,6
6178,7
6179,3
6180,7
6181,0
6182,6
6183,2
6184,1
6185,1
6186,0
6187,4
6188,3
6189,8
6190,8
6191,5
6192,8
6193,1
6194,6
6195,0
6196,6
6197,4
6198,2
6199,5
6200,3
6201,8
6202,0
6203,8
6204,0
6205,9
6206,3
6207,9
6208,5
6209,3
6210,9
6211,8
6212,0
6213,6
6214,7
6215,8
6216,8
6217,9
6218,6
6219,9
6220,3
6221,9
6222,1
6223,8
6224,5
6225,4
6226,0
6227,5
6228,1
6229,9
6230,7
6231,4
6232,8
6233,0
6234,8
6235,2
6236,8
6237,3
6238,1
6239,8
6240,8
6241,9
6242,4
6243,3
6244,9
6245,6
6246,7
6247,2
6248,3
6249,5
6250,0
6251,9
6252,3
6253,9
6254,6
6255,7
6256,9
6257,5
6258,5
6259,6
6260,1
6261,4
6262,3
6263,0
6264,9
6265,1
6266,0
6267,1
6268,0
6269,2
6270,6
6271,9
6272,8
6273,3
6274,4
6275,9
6276,1
6277,0
6278,6
6279,2
6280,7
6281,2
6282,5
6283,9
6284,8
6285,0
6286,8
6287,3
6288,9
6289,1
6290,6
6291,0
6292,9
6293,4
6294,9
6295,5
6296,4
6297,6
6298,0
6299,1
6300,4
6301,2
6302,1
6303,1
6304,3
6305,9
6306,0
6307,2
6308,0
6309,7
6310,9
6311,6
6312,3
6313,4
6314,1
6315,1
6316,8
6317,6
6318,8
6319,6
6320,1
6321,6
6322,0
6323,3
6324,6
6325,4
6326,6
6327,2
6328,2
6329,2
6330,0
6331,6
6332,4
6333,5
6334,7
6335,0
6336,6
6337,5
6338,3
6339,4
6340,6
6341,8
6342,0
6343,5
6344,6
6345,8
6346,3
6347,9
6348,6
6349,3
6350,9
6351,9
6352,1
6353,0
6354,9
6355,9
6356,6
6357,0
6358,6
6359,4
6360,6
6361,8
6362,8
6363,1
6364,7
6365,1
6366,8
6367,9
6368,3
6369,8
6370,8
6371,3
6372,9
6373,0
6374,9
6375,8
6376,4
6377,7
6378,1
6379,1
6380,8
6381,4
6382,5
6383,6
6384,2
6385,7
6386,7
6387,2
6388,2
6389,2
6390,9
6391,1
6392,7
6393,5
6394,7
6395,6
6396,9
6397,1
6398,3
6399,9
6400,7
6401,8
6402,7
6403,6
6404,3
6405,0
6406,6
6407,1
6408,6
6409,6
6410,4
6411,7
6412,1
6413,1
6414,5
6415,8
6416,1
6417,9
6418,6
6419,7
6420,7
6421,5
6422,6
6423,8
6424,2
6425,4
6426,4
6427,1
6428,5
6429,7
6430,3
6431,7
6432,2
6433,9
6434,9
6435,9
6436,9
6437,1
6438,5
6439,0
6440,4
6441,5
6442,6
6443,9
6444,0
6445,2
6446,6
6447,6
6448,5
6449,7
6450,2
6451,9
6452,9
6453,2
6454,2
6455,8
6456,6
6457,3
6458,6
6459,1
6460,6
6461,3
6462,5
6463,6
6464,3
6465,7
6466,2
6467,0
6468,6
6469,8
6470,8
6471,3
6472,7
6473,7
6474,6
6475,9
6476,1
6477,0
6478,4
6479,3
6480,2
6481,3
6482,6
6483,4
6484,5
6485,1
6486,3
6487,8
6488,4
6489,6
6490,4
6491,4
6492,0
6493,2
6494,5
6495,4
6496,9
6497,7
6498,9
6499,3
6500,1
6501,2
6502,7
6503,5
6504,2
6505,6
6506,2
6507,8
6508,4
6509,7
6510,7
6511,8
6512,6
6513,6
6514,8
6515,2
6516,2
6517,8
6518,5
6519,6
6520,2
6521,1
6522,9
6523,7
6524,8
6525,0
6526,4
6527,3
6528,9
6529,4
6530,9
6531,0
6532,3
6533,8
6534,0
6535,8
6536,9
6537,4
6538,2
6539,0
6540,0
6541,1
6542,6
6543,0
6544,8
6545,9
6546,3
6547,4
6548,6
6549,8
6550,1
6551,6
6552,9
6553,7
6554,0
6555,7
6556,5
6557,9
6558,7
6559,9
6560,7
6561,3
6562,5
6563,6
6564,2
6565,2
6566,9
6567,0
6568,7
6569,4
6570,3
6571,4
6572,3
6573,5
6574,2
6575,4
6576,6
6577,7
6578,5
6579,8
6580,6
6581,4
6582,9
6583,8
6584,7
6585,7
6586,3
6587,2
6588,5
6589,0
6590,2
6591,8
6592,5
6593,2
6594,2
6595,6
6596,4
6597,9
6598,5
6599,9
6600,3
6601,5
6602,8
6603,0
6604,0
6605,0
6606,4
6607,1
6608,7
6609,7
6610,5
6611,3
6612,1
6613,5
6614,5
6615,9
6616,5
6617,8
6618,1
6619,7
6620,3
6621,2
6622,9
6623,8
6624,1
6625,3
6626,6
6627,5
6628,4
6629,2
6630,9
6631,5
6632,2
6633,3
6634,9
6635,7
6636,1
6637,2
6638,6
6639,1
6640,7
6641,4
6642,9
6643,4
6644,5
6645,9
6646,6
6647,0
6648,3
6649,7
6650,3
6651,7
6652,4
6653,3
6654,5
6655,8
6656,5
6657,0
6658,5
6659,1
6660,4
6661,0
6662,6
6663,3
6664,4
6665,1
6666,8
6667,2
6668,2
6669,8
6670,1
6671,8
6672,4
6673,2
6674,5
6675,3
6676,4
6677,2
6678,2
6679,6
6680,1
6681,4
6682,4
6683,5
6684,2
6685,6
6686,7
6687,5
6688,8
6689,5
6690,5
6691,8
6692,8
6693,5
6694,4
6695,8
6696,4
6697,2
6698,9
6699,5
6700,6
6701,2
6702,9
6703,1
6704,4
6705,0
6706,1
6707,3
6708,9
6709,4
6710,5
6711,7
6712,8
6713,7
6714,1
6715,6
6716,4
6717,6
6718,6
6719,2
6720,8
6721,9
6722,9
6723,4
6724,6
6725,5
6726,2
6727,0
6728,2
6729,2
6730,2
6731,0
6732,7
6733,0
6734,6
6735,0
6736,7
6737,6
6738,7
6739,8
6740,5
6741,8
6742,2
6743,9
6744,8
6745,8
6746,9
6747,9
6748,7
6749,3
6750,8
6751,0
6752,1
6753,6
6754,6
6755,4
6756,9
6757,5
6758,0
6759,3
6760,9
6761,5
6762,1
6763,6
6764,6
6765,0
6766,2
6767,6
6768,8
6769,2
6770,4
6771,3
6772,4
6773,5
6774,6
6775,6
6776,6
6777,8
6778,1
6779,3
6780,3
6781,6
6782,3
6783,9
6784,7
6785,6
6786,5
6787,2
6788,7
6789,4
6790,3
6791,4
6792,0
6793,3
6794,3
6795,4
6796,8
6797,2
6798,5
6799,9
6800,7
6801,4
6802,0
6803,4
6804,1
6805,0
6806,1
6807,1
6808,8
6809,2
6810,6
6811,1
6812,4
6813,9
6814,9
6815,4
6816,8
6817,5
6818,4
6819,9
6820,6
6821,8
6822,3
6823,6
6824,9
6825,6
6826,6
6827,4
6828,6
6829,0
6830,4
6831,4
6832,9
6833,4
6834,4
6835,4
6836,8
6837,7
6838,2
6839,7
6840,8
6841,0
6842,1
6843,1
6844,6
6845,5
6846,6
6847,4
6848,8
6849,3
6850,2
6851,8
6852,6
6853,8
6854,6
6855,6
6856,0
6857,7
6858,2
6859,8
6860,5
6861,5
6862,1
6863,4
6864,5
6865,1
6866,9
6867,6
6868,1
6869,7
6870,8
6871,2
6872,5
6873,9
6874,8
6875,4
6876,6
6877,6
6878,1
6879,9
6880,3
6881,8
6882,8
6883,6
6884,6
6885,1
6886,9
6887,1
6888,2
6889,3
6890,3
6891,0
6892,5
6893,3
6894,8
6895,9
6896,5
6897,7
6898,5
6899,1
6900,4
6901,6
6902,0
6903,6
6904,5
6905,4
6906,8
6907,8
6908,1
6909,9
6910,0
6911,9
6912,2
6913,6
6914,7
6915,2
6916,6
6917,1
6918,5
6919,9
6920,3
6921,6
6922,4
6923,2
6924,0
6925,6
6926,9
6927,5
6928,8
6929,3
6930,8
6931,2
6932,9
6933,7
6934,7
6935,4
6936,4
6937,2
6938,0
6939,3
6940,7
6941,6
6942,7
6943,6
6944,1
6945,4
6946,0
6947,5
6948,5
6949,5
6950,8
6951,6
6952,7
6953,2
6954,3
6955,5
6956,5
6957,6
6958,3
6959,3
6960,4
6961,4
6962,2
6963,8
6964,5
6965,4
6966,9
6967,5
6968,5
6969,6
6970,1
6971,8
6972,7
6973,7
6974,6
6975,0
6976,3
6977,7
6978,5
6979,2
6980,2
6981,0
6982,0
6983,0
6984,6
6985,7
6986,6
6987,1
6988,8
6989,7
6990,0
6991,0
6992,8
6993,0
6994,9
6995,9
6996,8
6997,4
6998,4
6999,3
7000,4
7001,0
7002,2
7003,1
7004,0
7005,0
7006,4
7007,4
7008,3
7009,9
7010,6
7011,3
7012,2
7013,5
7014,9
7015,3
7016,8
7017,3
7018,6
7019,6
7020,7
7021,1
7022,1
7023,7
7024,6
7025,7
7026,9
7027,8
7028,7
7029,6
7030,7
7031,8
7032,6
7033,1
7034,5
7035,3
7036,6
7037,4
7038,1
7039,3
7040,1
7041,2
7042,1
7043,5
7044,3
7045,1
7046,2
7047,3
7048,3
7049,7
7050,0
7051,7
7052,0
7053,8
7054,2
7055,9
7056,1
7057,8
7058,7
7059,9
7060,9
7061,2
7062,1
7063,2
7064,9
7065,5
7066,5
7067,6
7068,8
7069,8
7070,9
7071,3
7072,9
7073,0
7074,6
7075,0
7076,2
7077,1
7078,8
7079,8
7080,4
7081,3
7082,1
7083,5
7084,2
7085,5
7086,7
7087,8
7088,3
7089,6
7090,7
7091,1
7092,8
7093,9
7094,5
7095,0
7096,4
7097,4
7098,3
7099,4
7100,3
7101,0
7102,7
7103,2
7104,4
7105,8
7106,5
7107,9
7108,8
7109,7
7110,8
7111,8
7112,5
7113,7
7114,3
7115,4
7116,5
7117,5
7118,5
7119,3
7120,7
7121,7
7122,4
7123,8
7124,1
7125,0
7126,7
7127,5
7128,4
7129,8
7130,7
7131,5
7132,8
7133,4
7134,9
7135,3
7136,9
7137,3
7138,2
7139,4
7140,1
7141,8
7142,1
7143,3
7144,5
7145,4
7146,3
7147,8
7148,2
7149,6
7150,2
7151,3
7152,6
7153,7
7154,4
7155,2
7156,3
7157,5
7158,6
7159,0
7160,5
7161,0
7162,2
7163,1
7164,1
7165,4
7166,8
7167,6
7168,1
7169,5
7170,9
7171,6
7172,4
7173,3
7174,2
7175,5
7176,8
7177,4
7178,6
7179,8
7180,6
7181,6
7182,2
7183,6
7184,3
7185,6
7186,5
7187,7
7188,9
7189,4
7190,0
7191,3
7192,5
7193,6
7194,2
7195,5
7196,5
7197,4
7198,5
7199,9
7200,6
7201,8
7202,2
7203,2
7204,4
7205,8
7206,2
7207,4
7208,3
7209,0
7210,3
7211,4
7212,6
7213,7
7214,7
7215,2
7216,2
7217,3
7218,5
7219,5
7220,0
7221,7
7222,8
7223,8
7224,7
7225,0
7226,4
7227,5
7228,7
7229,3
7230,1
7231,1
7232,3
7233,2
7234,3
7235,8
7236,5
7237,4
7238,1
7239,6
7240,6
7241,6
7242,4
7243,9
7244,1
7245,6
7246,2
7247,4
7248,4
7249,5
7250,3
7251,7
7252,0
7253,4
7254,8
7255,7
7256,7
7257,7
7258,3
7259,4
7260,6
7261,9
7262,5
7263,1
7264,0
7265,0
7266,6
7267,2
7268,6
7269,0
7270,4
7271,9
7272,0
7273,0
7274,8
7275,5
7276,7
7277,6
7278,1
7279,9
7280,2
7281,7
7282,6
7283,4
7284,7
7285,2
7286,8
7287,5
7288,2
7289,7
7290,0
7291,5
7292,6
7293,4
7294,5
7295,4
7296,5
7297,3
7298,3
7299,4
7300,7
7301,8
7302,5
7303,9
7304,0
7305,3
7306,5
7307,6
7308,1
7309,8
7310,0
7311,7
7312,4
7313,5
7314,9
7315,5
7316,9
7317,4
7318,5
7319,5
7320,3
7321,4
7322,4
7323,2
7324,6
7325,8
7326,7
7327,8
7328,1
7329,9
7330,0
7331,7
7332,7
7333,3
7334,2
7335,2
7336,2
7337,1
7338,5
7339,8
7340,7
7341,1
7342,0
7343,8
7344,1
7345,9
7346,4
7347,0
7348,4
7349,3
7350,2
7351,5
7352,5
7353,4
7354,4
7355,3
7356,3
7357,2
7358,2
7359,0
7360,3
7361,5
7362,3
7363,7
7364,4
7365,0
7366,3
7367,9
7368,6
7369,5
7370,6
7371,2
7372,2
7373,8
7374,3
7375,2
7376,9
7377,6
7378,7
7379,6
7380,6
7381,2
7382,5
7383,7
7384,6
7385,2
7386,4
7387,8
7388,6
7389,5
7390,0
7391,4
7392,2
7393,7
7394,7
7395,1
7396,8
7397,4
7398,2
7399,3
7400,7
7401,6
7402,4
7403,5
7404,1
7405,3
7406,6
7407,5
7408,0
7409,1
7410,2
7411,8
7412,0
7413,8
7414,2
7415,5
7416,7
7417,3
7418,3
7419,2
7420,1
7421,3
7422,8
7423,5
7424,5
7425,1
7426,0
7427,5
7428,0
7429,4
7430,8
7431,6
7432,9
7433,6
7434,7
7435,6
7436,7
7437,7
7438,2
7439,7
7440,8
7441,0
7442,5
7443,8
7444,7
7445,5
7446,4
7447,0
7448,9
7449,4
7450,6
7451,6
7452,1
7453,2
7454,2
7455,4
7456,3
7457,6
7458,1
7459,7
7460,6
7461,3
7462,4
7463,8
7464,1
7465,6
7466,8
7467,5
7468,7
7469,8
7470,9
7471,4
7472,5
7473,7
7474,7
7475,6
7476,2
7477,9
7478,6
7479,7
7480,9
7481,8
7482,6
7483,9
7484,0
7485,2
7486,0
7487,8
7488,0
7489,1
7490,3
7491,2
7492,4
7493,3
7494,4
7495,3
7496,9
7497,5
7498,8
7499,5
7500,4
7501,7
7502,1
7503,3
7504,9
7505,2
7506,0
7507,6
7508,7
7509,9
7510,4
7511,4
7512,0
7513,5
7514,5
7515,1
7516,6
7517,9
7518,1
7519,3
7520,5
7521,7
7522,9
7523,1
7524,7
7525,8
7526,4
7527,3
7528,1
7529,6
7530,9
7531,1
7532,6
7533,3
7534,6
7535,5
7536,6
7537,9
7538,7
7539,2
7540,9
7541,7
7542,7
7543,2
7544,7
7545,7
7546,4
7547,2
7548,6
7549,2
7550,1
7551,3
7552,4
7553,7
7554,7
7555,3
7556,6
7557,6
7558,7
7559,2
7560,7
7561,0
7562,8
7563,3
7564,0
7565,8
7566,2
7567,3
7568,3
7569,3
7570,4
7571,0
7572,1
7573,0
7574,3
7575,4
7576,2
7577,7
7578,9
7579,2
7580,6
7581,0
7582,0
7583,9
7584,5
7585,9
7586,9
7587,6
7588,1
7589,6
7590,6
7591,3
7592,1
7593,9
7594,5
7595,3
7596,0
7597,9
7598,0
7599,0
7600,0
7601,6
7602,9
7603,7
7604,9
7605,4
7606,6
7607,1
7608,6
7609,4
7610,8
7611,5
7612,4
7613,9
7614,3
7615,8
7616,5
7617,4
7618,8
7619,7
7620,5
7621,4
7622,1
7623,4
7624,0
7625,1
7626,6
7627,3
7628,0
7629,1
7630,8
7631,9
7632,1
7633,7
7634,3
7635,9
7636,3
7637,5
7638,8
7639,6
7640,6
7641,9
7642,3
7643,3
7644,9
7645,0
7646,0
7647,9
7648,0
7649,2
7650,6
7651,1
7652,4
7653,5
7654,3
7655,7
7656,7
7657,0
7658,5
7659,3
7660,1
7661,6
7662,7
7663,0
7664,2
7665,3
7666,1
7667,3
7668,6
7669,5
7670,0
7671,3
7672,5
7673,8
7674,7
7675,7
7676,7
7677,9
7678,9
7679,9
7680,7
7681,0
7682,5
7683,9
7684,9
7685,4
7686,3
7687,6
7688,7
7689,3
7690,6
7691,2
7692,6
7693,9
7694,6
7695,0
7696,1
7697,5
7698,5
7699,0
7700,2
7701,6
7702,9
7703,5
7704,3
7705,7
7706,1
7707,9
7708,6
7709,0
7710,0
7711,0
7712,4
7713,6
7714,5
7715,8
7716,9
7717,2
7718,7
7719,8
7720,0
7721,2
7722,9
7723,6
7724,0
7725,8
7726,2
7727,7
7728,5
7729,9
7730,4
7731,1
7732,5
7733,4
7734,1
7735,4
7736,9
7737,1
7738,1
7739,0
7740,4
7741,1
7742,6
7743,0
7744,7
7745,3
7746,2
7747,5
7748,2
7749,5
7750,6
7751,6
7752,0
7753,1
7754,3
7755,5
7756,6
7757,3
7758,4
7759,8
7760,6
7761,0
7762,7
7763,3
7764,2
7765,9
7766,8
7767,9
7768,2
7769,1
7770,8
7771,7
7772,0
7773,5
7774,3
7775,6
7776,5
7777,0
7778,8
7779,1
7780,8
7781,3
7782,3
7783,3
7784,5
7785,6
7786,6
7787,4
7788,0
7789,4
7790,7
7791,0
7792,9
7793,4
7794,3
7795,0
7796,6
7797,9
7798,2
7799,3
7800,3
7801,9
7802,0
7803,5
7804,1
7805,2
7806,0
7807,2
7808,3
7809,1
7810,9
7811,2
7812,9
7813,1
7814,5
7815,8
7816,6
7817,2
7818,2
7819,5
7820,7
7821,6
7822,6
7823,2
7824,0
7825,5
7826,9
7827,3
7828,4
7829,1
7830,9
7831,2
7832,5
7833,1
7834,6
7835,9
7836,4
7837,5
7838,7
7839,9
7840,6
7841,0
7842,6
7843,5
7844,3
7845,5
7846,2
7847,8
7848,4
7849,5
7850,0
7851,7
7852,2
7853,4
7854,4
7855,4
7856,3
7857,2
7858,6
7859,3
7860,5
7861,3
7862,3
7863,5
7864,9
7865,0
7866,5
7867,5
7868,1
7869,4
7870,8
7871,8
7872,3
7873,6
7874,7
7875,6
7876,1
7877,9
7878,5
7879,6
7880,9
7881,1
7882,8
7883,6
7884,7
7885,8
7886,5
7887,5
7888,1
7889,1
7890,9
7891,8
7892,8
7893,6
7894,9
7895,5
7896,6
7897,7
7898,0
7899,2
7900,4
7901,0
7902,6
7903,9
7904,8
7905,7
7906,8
7907,6
7908,3
7909,9
7910,8
7911,7
7912,7
7913,7
7914,9
7915,1
7916,5
7917,2
7918,0
7919,9
7920,4
7921,1
7922,1
7923,3
7924,3
7925,6
7926,3
7927,7
7928,3
7929,4
7930,5
7931,0
7932,8
7933,3
7934,6
7935,9
7936,5
7937,7
7938,8
7939,5
7940,0
7941,7
7942,3
7943,4
7944,1
7945,3
7946,1
7947,7
7948,7
7949,6
7950,2
7951,4
7952,2
7953,5
7954,0
7955,5
7956,4
7957,3
7958,7
7959,0
7960,6
7961,7
7962,6
7963,9
7964,0
7965,6
7966,2
7967,4
7968,8
7969,5
7970,8
7971,0
7972,9
7973,6
7974,0
7975,9
7976,3
7977,1
7978,2
7979,2
7980,0
7981,7
7982,7
7983,3
7984,8
7985,3
7986,1
7987,5
7988,1
7989,0
7990,0
7991,7
7992,1
7993,3
7994,2
7995,5
7996,7
7997,1
7998,2
7999,1
8000,5
8001,0
8002,9
8003,5
8004,4
8005,8
8006,3
8007,6
8008,3
8009,4
8010,1
8011,8
8012,0
8013,8
8014,4
8015,6
8016,4
8017,8
8018,4
8019,9
8020,7
8021,8
8022,8
8023,4
8024,7
8025,4
8026,1
8027,4
8028,9
8029,9
8030,4
8031,9
8032,8
8033,4
8034,6
8035,6
8036,5
8037,8
8038,9
8039,7
8040,4
8041,8
8042,6
8043,1
8044,9
8045,2
8046,6
8047,7
8048,5
8049,8
8050,0
8051,3
8052,6
8053,0
8054,9
8055,5
8056,9
8057,5
8058,7
8059,6
8060,9
8061,9
8062,5
8063,8
8064,3
8065,3
8066,7
8067,1
8068,2
8069,8
8070,3
8071,8
8072,0
8073,3
8074,0
8075,4
8076,8
8077,3
8078,9
8079,5
8080,6
8081,8
8082,2
8083,0
8084,5
8085,8
8086,8
8087,5
8088,3
8089,6
8090,3
8091,6
8092,8
8093,1
8094,9
8095,4
8096,4
8097,5
8098,3
8099,2
8100,0
8101,5
8102,4
8103,6
8104,9
8105,6
8106,0
8107,7
8108,0
8109,7
8110,9
8111,0
8112,7
8113,8
8114,4
8115,1
8116,7
8117,7
8118,3
8119,8
8120,3
8121,7
8122,0
8123,5
8124,0
8125,1
8126,6
8127,3
8128,4
8129,5
8130,9
8131,4
8132,8
8133,0
8134,9
8135,6
8136,0
8137,8
8138,9
8139,2
8140,7
8141,0
8142,2
8143,4
8144,6
8145,9
8146,6
8147,1
8148,3
8149,7
8150,2
8151,3
8152,5
8153,7
8154,3
8155,6
8156,3
8157,6
8158,7
8159,7
8160,7
8161,7
8162,8
8163,5
8164,4
8165,0
8166,0
8167,4
8168,8
8169,0
8170,6
8171,5
8172,6
8173,5
8174,4
8175,9
8176,3
8177,7
8178,7
8179,3
8180,1
8181,7
8182,1
8183,7
8184,6
8185,5
8186,5
8187,3
8188,5
8189,2
8190,2
8191,2
8192,2
8193,9
8194,6
8195,8
8196,4
8197,8
8198,9
8199,3
8200,6
8201,7
8202,1
8203,5
8204,4
8205,7
8206,2
8207,0
8208,9
8209,0
8210,6
8211,4
8212,6
8213,7
8214,2
8215,4
8216,5
8217,7
8218,7
8219,8
8220,7
8221,2
8222,1
8223,6
8224,8
8225,3
8226,6
8227,4
8228,8
8229,5
8230,6
8231,1
8232,9
8233,7
8234,2
8235,8
8236,6
8237,9
8238,5
8239,1
8240,9
8241,2
8242,1
8243,0
8244,1
8245,6
8246,7
8247,8
8248,5
8249,1
8250,7
8251,8
8252,3
8253,5
8254,9
8255,0
8256,6
8257,0
8258,4
8259,5
8260,7
8261,5
8262,5
8263,7
8264,7
8265,7
8266,8
8267,3
8268,8
8269,0
8270,5
8271,9
8272,3
8273,3
8274,4
8275,5
8276,0
8277,7
8278,9
8279,4
8280,2
8281,3
8282,4
8283,5
8284,1
8285,1
8286,1
8287,0
8288,6
8289,0
8290,0
8291,8
8292,4
8293,8
8294,6
8295,8
8296,6
8297,6
8298,3
8299,6
8300,5
8301,3
8302,5
8303,5
8304,8
8305,8
8306,8
8307,8
8308,5
8309,5
8310,5
8311,7
8312,8
8313,3
8314,5
8315,4
8316,3
8317,7
8318,4
8319,8
8320,3
8321,2
8322,4
8323,4
8324,9
8325,0
8326,2
8327,1
8328,2
8329,7
8330,2
8331,1
8332,9
8333,5
8334,5
8335,1
8336,7
8337,0
8338,5
8339,3
8340,5
8341,0
8342,1
8343,4
8344,7
8345,2
8346,5
8347,5
8348,8
8349,0
8350,9
8351,6
8352,0
8353,6
8354,1
8355,3
8356,1
8357,6
8358,6
8359,2
8360,6
8361,4
8362,7
8363,4
8364,5
8365,4
8366,9
8367,3
8368,8
8369,0
8370,5
8371,1
8372,3
8373,6
8374,8
8375,8
8376,3
8377,1
8378,4
8379,6
8380,5
8381,1
8382,3
8383,9
8384,4
8385,6
8386,1
8387,6
8388,7
8389,2
8390,4
8391,8
8392,5
8393,3
8394,7
8395,2
8396,0
8397,4
8398,5
8399,3
8400,6
8401,6
8402,4
8403,9
8404,5
8405,6
8406,6
8407,8
8408,6
8409,2
8410,9
8411,5
8412,6
8413,2
8414,0
8415,2
8416,5
8417,6
8418,4
8419,6
8420,9
8421,8
8422,1
8423,4
8424,9
8425,5
8426,8
8427,0
8428,5
8429,1
8430,5
8431,3
8432,2
8433,5
8434,4
8435,7
8436,0
8437,6
8438,3
8439,7
8440,0
8441,1
8442,0
8443,7
8444,1
8445,1
8446,2
8447,1
8448,7
8449,9
8450,9
8451,6
8452,2
8453,8
8454,3
8455,6
8456,7
8457,1
8458,9
8459,6
8460,6
8461,0
8462,8
8463,6
8464,2
8465,1
8466,7
8467,4
8468,4
8469,0
8470,7
8471,9
8472,7
8473,7
8474,8
8475,6
8476,8
8477,8
8478,2
8479,9
8480,3
8481,8
8482,9
8483,4
8484,4
8485,5
8486,8
8487,4
8488,7
8489,6
8490,9
8491,2
8492,1
8493,9
8494,2
8495,6
8496,8
8497,0
8498,3
8499,7
8500,8
8501,5
8502,8
8503,5
8504,3
8505,9
8506,6
8507,7
8508,3
8509,0
8510,5
8511,2
8512,7
8513,4
8514,1
8515,1
8516,2
8517,7
8518,8
8519,2
8520,5
8521,4
8522,5
8523,5
8524,0
8525,8
8526,6
8527,6
8528,4
8529,0
8530,7
8531,1
8532,8
8533,1
8534,3
8535,9
8536,8
8537,7
8538,4
8539,5
8540,1
8541,5
8542,7
8543,0
8544,4
8545,0
8546,7
8547,0
8548,0
8549,6
8550,7
8551,9
8552,0
8553,6
8554,6
8555,7
8556,7
8557,3
8558,7
8559,0
8560,4
8561,5
8562,9
8563,1
8564,4
8565,5
8566,5
8567,6
8568,5
8569,7
8570,1
8571,1
8572,4
8573,5
8574,6
8575,3
8576,6
8577,5
8578,2
8579,2
8580,1
8581,3
8582,7
8583,3
8584,7
8585,8
8586,8
8587,7
8588,8
8589,5
8590,8
8591,1
8592,3
8593,7
8594,8
8595,4
8596,5
8597,0
8598,5
8599,6
8600,0
8601,5
8602,1
8603,0
8604,5
8605,8
8606,0
8607,8
8608,5
8609,5
8610,1
8611,0
8612,2
8613,6
8614,4
8615,6
8616,9
8617,1
8618,9
8619,0
8620,5
8621,2
8622,0
8623,3
8624,2
8625,3
8626,1
8627,2
8628,0
8629,8
8630,6
8631,0
8632,6
8633,5
8634,8
8635,3
8636,1
8637,7
8638,3
8639,5
8640,2
8641,2
8642,0
8643,1
8644,9
8645,7
8646,7
8647,6
8648,8
8649,0
8650,4
8651,0
8652,1
8653,3
8654,6
8655,6
8656,2
8657,9
8658,6
8659,4
8660,4
8661,6
8662,1
8663,9
8664,4
8665,8
8666,4
8667,3
8668,8
8669,2
8670,1
8671,7
8672,0
8673,3
8674,0
8675,2
8676,2
8677,4
8678,6
8679,0
8680,9
8681,6
8682,0
8683,0
8684,5
8685,2
8686,9
8687,7
8688,8
8689,1
8690,5
8691,2
8692,4
8693,2
8694,1
8695,8
8696,7
8697,9
8698,0
8699,4
8700,7
8701,6
8702,3
8703,7
8704,0
8705,3
8706,4
8707,3
8708,9
8709,0
8710,1
8711,1
8712,4
8713,5
8714,4
8715,6
8716,4
8717,6
8718,5
8719,7
8720,3
8721,6
8722,2
8723,8
8724,6
8725,5
8726,5
8727,5
8728,6
8729,6
8730,8
8731,0
8732,1
8733,9
8734,3
8735,7
8736,3
8737,9
8738,4
8739,0
8740,8
8741,9
8742,4
8743,5
8744,2
8745,4
8746,9
8747,1
8748,9
8749,1
8750,6
8751,7
8752,2
8753,2
8754,7
8755,0
8756,4
8757,9
8758,6
8759,0
8760,5
8761,2
8762,1
8763,7
8764,0
8765,3
8766,4
8767,1
8768,0
8769,8
8770,3
8771,5
8772,3
8773,3
8774,7
8775,4
8776,3
8777,3
8778,8
8779,6
8780,6
8781,8
8782,9
8783,8
8784,5
8785,5
8786,9
8787,0
8788,4
8789,8
8790,6
8791,7
8792,8
8793,9
8794,6
8795,2
8796,1
8797,1
8798,7
8799,2
8800,7
8801,6
8802,1
8803,9
8804,1
8805,9
8806,8
8807,8
8808,5
8809,0
8810,3
8811,8
8812,9
8813,6
8814,4
8815,4
8816,4
8817,7
8818,4
8819,2
8820,7
8821,2
8822,6
8823,7
8824,7
8825,8
8826,9
8827,1
8828,3
8829,4
8830,0
8831,5
8832,9
8833,9
8834,2
8835,0
8836,2
8837,6
8838,4
8839,3
8840,0
8841,0
8842,5
8843,9
8844,1
8845,7
8846,5
8847,6
8848,0
8849,3
8850,8
8851,4
8852,2
8853,9
8854,9
8855,4
8856,6
8857,1
8858,9
8859,7
8860,8
8861,1
8862,0
8863,8
8864,6
8865,0
8866,6
8867,4
8868,9
8869,7
8870,8
8871,0
8872,0
8873,9
8874,5
8875,8
8876,3
8877,6
8878,0
8879,8
8880,7
8881,7
8882,5
8883,2
8884,9
8885,0
8886,6
8887,0
8888,0
8889,5
8890,8
8891,8
8892,3
8893,9
8894,4
8895,5
8896,3
8897,3
8898,1
8899,6
8900,0
8901,5
8902,4
8903,1
8904,7
8905,8
8906,8
8907,3
8908,1
8909,2
8910,0
8911,0
8912,2
8913,5
8914,5
8915,4
8916,6
8917,9
8918,6
8919,4
8920,5
8921,0
8922,6
8923,4
8924,8
8925,5
8926,9
8927,6
8928,6
8929,0
8930,4
8931,0
8932,0
8933,6
8934,2
8935,2
8936,4
8937,7
8938,1
8939,3
8940,7
8941,0
8942,7
8943,9
8944,7
8945,5
8946,2
8947,7
8948,1
8949,8
8950,8
8951,0
8952,6
8953,6
8954,8
8955,5
8956,6
8957,3
8958,6
8959,7
8960,9
8961,7
8962,7
8963,3
8964,6
8965,8
8966,0
8967,2
8968,9
8969,1
8970,2
8971,7
8972,1
8973,0
8974,8
8975,1
8976,4
8977,3
8978,6
8979,5
8980,4
8981,9
8982,7
8983,4
8984,5
8985,2
8986,5
8987,8
8988,5
8989,4
8990,5
8991,5
8992,9
8993,6
8994,6
8995,1
8996,0
8997,5
8998,6
8999,2
9000,8
9001,5
9002,5
9003,8
9004,3
9005,1
9006,7
9007,9
9008,0
9009,5
9010,6
9011,8
9012,2
9013,1
9014,7
9015,4
9016,2
9017,0
9018,6
9019,6
9020,7
9021,7
9022,2
9023,2
9024,6
9025,9
9026,5
9027,8
9028,6
9029,1
9030,7
9031,9
9032,7
9033,9
9034,4
9035,1
9036,6
9037,4
9038,4
9039,1
9040,3
9041,3
9042,4
9043,5
9044,0
9045,9
9046,7
9047,3
9048,5
9049,1
9050,4
9051,6
9052,9
9053,4
9054,6
9055,1
9056,8
9057,8
9058,9
9059,1
9060,4
9061,6
9062,9
9063,6
9064,7
9065,0
9066,1
9067,7
9068,8
9069,1
9070,8
9071,0
9072,9
9073,9
9074,7
9075,7
9076,7
9077,2
9078,7
9079,4
9080,0
9081,6
9082,6
9083,6
9084,9
9085,1
9086,0
9087,3
9088,9
9089,6
9090,7
9091,3
9092,2
9093,8
9094,9
9095,7
9096,4
9097,6
9098,3
9099,5
9100,7
9101,5
9102,8
9103,4
9104,4
9105,2
9106,3
9107,5
9108,5
9109,4
9110,1
9111,4
9112,8
9113,5
9114,2
9115,4
9116,8
9117,4
9118,5
9119,0
9120,0
9121,5
9122,0
9123,5
9124,4
9125,2
9126,7
9127,0
9128,3
9129,5
9130,2
9131,7
9132,6
9133,3
9134,5
9135,1
9136,9
9137,8
9138,6
9139,6
9140,7
9141,3
9142,9
9143,0
9144,8
9145,0
9146,5
9147,7
9148,0
9149,5
9150,8
9151,1
9152,6
9153,3
9154,6
9155,2
9156,3
9157,7
9158,1
9159,0
9160,2
9161,1
9162,6
9163,7
9164,1
9165,9
9166,1
9167,1
9168,0
9169,0
9170,5
9171,0
9172,5
9173,5
9174,8
9175,1
9176,0
9177,6
9178,5
9179,1
9180,4
9181,8
9182,9
9183,9
9184,8
9185,3
9186,5
9187,6
9188,6
9189,9
9190,6
9191,6
9192,4
9193,2
9194,5
9195,9
9196,2
9197,0
9198,5
9199,7
9200,7
9201,1
9202,1
9203,0
9204,4
9205,7
9206,6
9207,9
9208,6
9209,2
9210,8
9211,1
9212,4
9213,1
9214,6
9215,8
9216,3
9217,8
9218,8
9219,7
9220,0
9221,8
9222,2
9223,1
9224,3
9225,7
9226,7
9227,4
9228,2
9229,1
9230,1
9231,6
9232,2
9233,9
9234,0
9235,1
9236,2
9237,4
9238,4
9239,0
9240,7
9241,9
9242,6
9243,9
9244,2
9245,9
9246,2
9247,3
9248,2
9249,6
9250,0
9251,8
9252,0
9253,8
9254,4
9255,5
9256,8
9257,9
9258,8
9259,7
9260,2
9261,3
9262,1
9263,0
9264,3
9265,8
9266,2
9267,9
9268,5
9269,6
9270,7
9271,2
9272,5
9273,5
9274,1
9275,1
9276,5
9277,0
9278,7
9279,9
9280,8
9281,0
9282,1
9283,6
9284,6
9285,9
9286,9
9287,1
9288,2
9289,8
9290,2
9291,5
9292,6
9293,9
9294,0
9295,7
9296,9
9297,9
9298,8
9299,5
9300,7
9301,9
9302,5
9303,0
9304,9
9305,6
9306,4
9307,2
9308,0
9309,6
9310,7
9311,6
9312,0
9313,2
9314,7
9315,6
9316,7
9317,7
9318,6
9319,8
9320,3
9321,5
9322,3
9323,3
9324,0
9325,7
9326,8
9327,1
9328,7
9329,8
9330,0
9331,3
9332,1
9333,7
9334,3
9335,5
9336,0
9337,1
9338,9
9339,3
9340,8
9341,2
9342,2
9343,5
9344,5
9345,4
9346,7
9347,6
9348,0
9349,1
9350,6
9351,2
9352,6
9353,8
9354,6
9355,0
9356,8
9357,3
9358,1
9359,6
9360,7
9361,4
9362,6
9363,5
9364,3
9365,1
9366,3
9367,8
9368,1
9369,8
9370,2
9371,5
9372,5
9373,1
9374,7
9375,6
9376,8
9377,1
9378,8
9379,1
9380,8
9381,8
9382,4
9383,3
9384,1
9385,5
9386,8
9387,4
9388,1
9389,2
9390,9
9391,6
9392,7
9393,1
9394,3
9395,1
9396,8
9397,0
9398,1
9399,0
9400,5
9401,1
9402,1
9403,2
9404,4
9405,4
9406,7
9407,0
9408,6
9409,7
9410,5
9411,5
9412,1
9413,7
9414,2
9415,1
9416,1
9417,7
9418,1
9419,7
9420,3
9421,4
9422,9
9423,3
9424,7
9425,0
9426,6
9427,6
9428,5
9429,7
9430,3
9431,6
9432,3
9433,4
9434,7
9435,8
9436,0
9437,4
9438,8
9439,1
9440,2
9441,3
9442,4
9443,0
9444,8
9445,2
9446,0
9447,4
9448,3
9449,4
9450,1
9451,1
9452,1
9453,8
9454,5
9455,2
9456,8
9457,6
9458,1
9459,8
9460,1
9461,6
9462,9
9463,6
9464,7
9465,5
9466,9
9467,5
9468,8
9469,1
9470,4
9471,2
9472,0
9473,4
9474,0
9475,8
9476,4
9477,4
9478,3
9479,0
9480,5
9481,4
9482,7
9483,4
9484,9
9485,5
9486,2
9487,3
9488,1
9489,4
9490,6
9491,8
9492,8
9493,3
9494,9
9495,1
9496,1
9497,9
9498,1
9499,0
9500,0
9501,1
9502,7
9503,5
9504,1
9505,7
9506,2
9507,3
9508,1
9509,9
9510,2
9511,7
9512,4
9513,4
9514,3
9515,8
9516,2
9517,6
9518,8
9519,8
9520,8
9521,3
9522,5
9523,5
9524,2
9525,6
9526,4
9527,0
9528,2
9529,8
9530,0
9531,4
9532,1
9533,8
9534,6
9535,1
9536,3
9537,3
9538,2
9539,9
9540,4
9541,4
9542,0
9543,1
9544,9
9545,2
9546,1
9547,1
9548,5
9549,2
9550,0
9551,1
9552,5
9553,0
9554,7
9555,0
9556,3
9557,6
9558,2
9559,1
9560,4
9561,9
9562,8
9563,3
9564,5
9565,3
9566,3
9567,2
9568,0
9569,0
9570,0
9571,1
9572,8
9573,3
9574,4
9575,5
9576,8
9577,1
9578,3
9579,6
9580,5
9581,8
9582,4
9583,9
9584,8
9585,3
9586,7
9587,9
9588,5
9589,7
9590,4
9591,4
9592,5
9593,1
9594,2
9595,2
9596,7
9597,4
9598,2
9599,8
9600,5
9601,4
9602,0
9603,1
9604,1
9605,3
9606,4
9607,6
9608,2
9609,9
9610,9
9611,7
9612,8
9613,6
9614,1
9615,9
9616,4
9617,8
9618,0
9619,8
9620,2
9621,5
9622,8
9623,9
9624,3
9625,0
9626,0
9627,9
9628,4
9629,8
9630,1
9631,4
9632,6
9633,7
9634,4
9635,5
9636,7
9637,3
9638,0
9639,0
9640,5
9641,3
9642,0
9643,7
9644,0
9645,6
9646,1
9647,0
9648,2
9649,7
9650,9
9651,7
9652,5
9653,2
9654,6
9655,7
9656,4
9657,0
9658,8
9659,2
9660,5
9661,4
9662,2
9663,6
9664,4
9665,8
9666,4
9667,3
9668,4
9669,7
9670,9
9671,7
9672,0
9673,1
9674,4
9675,6
9676,6
9677,3
9678,4
9679,8
9680,4
9681,5
9682,3
9683,3
9684,0
9685,8
9686,6
9687,2
9688,0
9689,0
9690,7
9691,9
9692,3
9693,7
9694,1
9695,4
9696,7
9697,1
9698,9
9699,2
9700,0
9701,7
9702,9
9703,1
9704,5
9705,9
9706,2
9707,1
9708,9
9709,9
9710,2
9711,6
9712,3
9713,9
9714,9
9715,0
9716,3
9717,6
9718,6
9719,6
9720,9
9721,6
9722,5
9723,5
9724,4
9725,6
9726,8
9727,4
9728,3
9729,7
9730,1
9731,0
9732,6
9733,7
9734,9
9735,1
9736,5
9737,5
9738,1
9739,4
9740,9
9741,1
9742,2
9743,8
9744,6
9745,2
9746,5
9747,6
9748,6
9749,4
9750,2
9751,6
9752,9
9753,1
9754,6
9755,8
9756,4
9757,7
9758,1
9759,5
9760,1
9761,1
9762,8
9763,2
9764,3
9765,1
9766,2
9767,9
9768,9
9769,6
9770,5
9771,5
9772,3
9773,7
9774,5
9775,3
9776,3
9777,5
9778,6
9779,8
9780,3
9781,1
9782,1
9783,7
9784,1
9785,1
9786,9
9787,5
9788,8
9789,0
9790,3
9791,1
9792,9
9793,2
9794,3
9795,1
9796,0
9797,5
9798,2
9799,1
9800,0
9801,0
9802,5
9803,2
9804,3
9805,9
9806,4
9807,9
9808,5
9809,6
9810,8
9811,6
9812,5
9813,4
9814,8
9815,2
9816,0
9817,1
9818,4
9819,0
9820,8
9821,9
9822,9
9823,4
9824,9
9825,0
9826,3
9827,8
9828,1
9829,4
9830,9
9831,8
9832,1
9833,2
9834,9
9835,4
9836,8
9837,9
9838,2
9839,5
9840,0
9841,6
9842,9
9843,4
9844,4
9845,3
9846,9
9847,7
9848,0
9849,9
9850,4
9851,0
9852,1
9853,7
9854,8
9855,8
9856,7
9857,7
9858,8
9859,9
9860,3
9861,1
9862,9
9863,9
9864,3
9865,0
9866,6
9867,6
9868,5
9869,2
9870,6
9871,9
9872,3
9873,4
9874,9
9875,8
9876,3
9877,9
9878,6
9879,9
9880,3
9881,2
9882,0
9883,5
9884,7
9885,3
9886,8
9887,8
9888,3
9889,3
9890,1
9891,4
9892,8
9893,3
9894,4
9895,4
9896,4
9897,6
9898,0
9899,5
9900,0
9901,1
9902,7
9903,7
9904,7
9905,3
9906,8
9907,7
9908,4
9909,9
9910,5
9911,3
9912,6
9913,0
9914,4
9915,4
9916,8
9917,6
9918,6
9919,0
9920,1
9921,5
9922,4
9923,2
9924,9
9925,7
9926,3
9927,6
9928,2
9929,7
9930,6
9931,4
9932,4
9933,2
9934,8
9935,8
9936,0
9937,6
9938,5
9939,2
9940,9
9941,7
9942,1
9943,9
9944,4
9945,3
9946,4
9947,2
9948,7
9949,8
9950,1
9951,2
9952,1
9953,8
9954,7
9955,4
9956,8
9957,3
9958,6
9959,9
9960,0
9961,5
9962,0
9963,3
9964,5
9965,0
9966,1
9967,0
9968,4
9969,7
9970,7
9971,0
9972,7
9973,9
9974,7
9975,6
9976,5
9977,4
9978,0
9979,6
9980,8
9981,3
9982,0
9983,1
9984,8
9985,6
9986,7
9987,6
9988,3
9989,4
9990,9
9991,9
9992,4
9993,2
9994,6
9995,9
9996,0
9997,5
9998,0
9999,2
10000,6
